标准化名称,检出名称,涉及部位,检查方式,是否参与统计,数据类型,关键词01,关键词02,关键词03,
左心室心肌增厚,左心室心肌增厚左心室压力负荷增加,心,心脏超声,是,是,,,,
左心室压力负荷增加,左心室心肌增厚左心室压力负荷增加,心,心脏超声,,,,,,
左室增大,"左室增大,左心室增大",心,心脏超声,是,是,左,心室|心影,大,
左室顺应性欠佳,"左室舒张顺应性降低,左室顺应性欠佳",心,心脏超声,是,是,左室,顺应性,,
左室舒张功能下降,"左室舒张功能下降,左室舒张功能降低",心,心脏超声,是,是,室舒张功能下降,,,
左室舒张功能减低,"左室舒张功能减低,左心室舒张功能减低,左室舒张功能减低左心室舒张功能减低",心,心脏超声,是,是,室舒张功能减低,,,
左室收缩功能降低,"左室收缩功能降低,左室收缩功能减低,左心室收缩功能减低",心,心脏超声,是,是,左室,收缩功能降低,,
左室假腱索,左室假腱索,心,心脏超声,是,是,左室,假腱索,,
左室肥大,左室肥大并劳损,心,心脏超声,是,是,左室肥大,劳损,,
左室劳损,左室肥大并劳损,心,心脏超声,,,,,,
左室壁增厚,左室壁增厚,心,心脏超声,是,是,左室壁增厚,,,
左前分支传导阻滞,"左前分支传导阻滞,心电图左前分支传导阻滞",心,心电图,是,是,左前分支传导阻滞,,,
左房血栓,左房血栓,心,心脏超声,是,是,左房血栓,,,
阻生牙,"阻生牙,阻生齿,阻生牙阻生齿",牙,,是,是,阻生,,,
足跖骨骨折,足跖骨骨折,足,,是,是,足跖骨骨折,,,
纵隔增宽,纵隔增宽,胸,,是,是,纵隔增宽,,,
纵隔结节样淋巴结,纵隔结节样淋巴结,胸膜,,是,是,纵隔结节样淋巴结,,,
总铁结合力增高,总铁结合力增高,,,是,否,,,,
总铁结合力降低,总铁结合力降低,,,是,否,,,,
总胆汁酸增高,"总胆汁酸偏高,总胆汁酸增高",,,是,否,,,,
子宫纵隔,"子宫纵隔,纵隔子宫",子宫,,是,是,纵隔,子宫,,
子宫占位性病变,"子宫占位性病变,子宫颈占位性病变",子宫,,是,是,子宫占位,,,
子宫未探及,子宫未探及,子宫,,是,是,,,,
子宫萎缩,"子宫萎缩,宫颈萎缩,子宫萎缩宫颈萎缩",子宫,,是,是,宫,萎缩,,
萎缩性细胞改变,萎缩性细胞改变,子宫,,,,,,,
颈萎缩,子宫萎缩宫颈萎缩,子宫,,,,,,,
子宫脱垂,"子宫脱垂,子宫脱垂度",子宫,,是,是,子宫脱垂|宫颈低达棘下,,,
子宫内膜增厚,子宫内膜增厚,子宫,,是,是,内膜,厚,,
内膜厚,"内膜偏厚,内膜厚,内膜偏厚内膜厚",子宫,,,,,,,
子宫内膜粗糙不均匀,"子宫内膜粗糙不均匀,",子宫,,,,,,,
子宫内膜异位,"内膜异位,子宫内膜异位症",子宫,,是,是,内膜,异位,,
子宫内膜息肉,"内膜息肉,子宫内膜息肉",子宫,,是,是,内膜息肉,,,
子宫内膜钙化,"子宫内膜钙化,子宫内膜钙化子宫钙化",子宫,,是,是,子宫,钙化,,
子宫钙化,"子宫钙化,子宫内膜钙化子宫钙化",子宫,,,,,,,
子宫内膜粗糙不均匀,子宫内膜粗糙不均匀,子宫,,是,是,内膜,不均匀,,
子宫囊肿,"子宫囊肿,子宫囊肿多发",子宫,,是,是,子宫,囊肿|纳囊,,
子宫颈上皮内瘤样变（CIN）,子宫颈上皮内瘤样变cin,宫颈,,是,是,宫颈上皮,瘤样变,,
子宫肌腺,"子宫肌腺,子宫肌腺症",子宫,,是,是,子宫肌腺,,,
子宫肌瘤,"子宫多发实性占位肌瘤,子宫多发性肌瘤,子宫多发肌瘤,子宫实性占位肌瘤,子宫粘膜下肌瘤,子宫肌瘤,子宫肌瘤多发,子宫肌瘤并肌瘤变性,子宫肌瘤伴钙化子宫多发肌瘤部分伴钙化,子宫肌瘤可能,子宫肌瘤待排,子宫粘膜下肌瘤可能,子宫多发性肌瘤可能子宫腺肌症合并腺肌瘤改变子宫腺肌症合并腺肌瘤,子宫声像图符合子宫腺肌症合并腺肌瘤改变",子宫,,是,是,子宫,肌瘤,,
宫颈肌瘤,"宫颈肌瘤,宫颈肌瘤多发,",子宫,,,,,,,
肌瘤,肌瘤,,,,,,,,
子宫腺肌症,"子宫声像图符合子宫腺肌症合并腺肌瘤改变,子宫体积增大子宫增大考虑子宫腺肌症改变",子宫,,,,,,,
子宫肥大,子宫肥大,子宫,,是,是,子宫,大,,
子宫增大,"子宫体积增大,子宫增大,子宫稍大",子宫,,,,,,,
子宫次全切除术后,子宫次全切除术后,子宫,,是,是,,,,
椎体终板炎,椎体终板炎,脊柱,,是,是,椎体,终板炎,,
椎体轻度楔形改变,椎体轻度楔形改变,腰椎,,是,是,椎体轻度,楔形改变,,
椎体不稳,椎体不稳,脊柱,,是,是,椎体,不稳,,
椎间孔狭窄,椎间孔狭窄,脊柱,,是,是,椎间,窄,,
椎基底动脉供血不足,椎基底动脉供血不足,脑,颈动脉超声,是,是,基底动脉,供血不足,,
椎基底动脉钙化,椎基底动脉钙化,脑,颈动脉超声,是,是,基底动脉,钙化,,
椎管狭窄,椎管狭窄,脊椎,,是,是,椎管,窄,,
椎弓峡部裂,椎弓峡部裂,脊椎,,是,是,椎弓峡部裂,,,
椎动脉血流速度增快,椎动脉血流速度增快,脑,颈动脉超声,是,是,椎动脉,血?流速,快,
椎动脉血流速度降低,椎动脉血流速度降低,椎动脉,颈动脉超声,是,是,椎动脉,血?流速,低|慢,
椎动脉血流速度不对称,椎动脉血流速度不对称,脑,颈动脉超声,是,是,椎动脉,血流速度,不对称,
椎动脉钙化,椎动脉钙化,椎动脉,颈动脉超声,是,是,椎动脉,钙化,,
椎动脉钙化,椎动脉钙化,心,颈动脉超声,是,是,主动?脉瓣,反流,,
主动脉增宽,主动脉增宽,心,心脏超声,是,是,主动脉,宽,,
主动脉迂曲,主动脉迂曲,主动脉,心脏超声,是,是,主动脉,迂曲,,
主动脉型心脏,主动脉型心脏,心,心脏超声,是,是,主动脉型,心,,
主动脉瘤,主动脉瘤,主动脉,心脏超声,是,是,动脉瘤,,,
腹主动脉瘤,腹主动脉瘤可能,,心脏超声,,,,,,
颈总动脉瘤,"颈动脉体瘤,颈总动脉假性动脉瘤,颈总动脉瘤",,心脏超声,,,,,,
主动脉扩张,"主动脉增宽,主动脉扩张,主动脉根部内径增宽,主动脉窦扩张,主动脉窦部增宽",主动脉,心脏超声,是,是,主动脉,扩张,,
主动脉结钙化,"主动脉结突出并钙化,主动脉结钙化",主动脉,心脏超声,是,是,主动脉,钙化|弓部?突出,,
部分管壁钙化,部分管壁钙化,,心脏超声,,,,,,
主动脉弓钙化,"主动脉弓扭曲伴钙化,主动脉弓钙化",,心脏超声,,,,,,
主动脉及冠状动脉,主动脉及冠状动脉部分管壁钙化,,心脏超声,,,,,,
冠状动脉钙化,主动脉及冠状动脉部分管壁钙化,,心脏超声,,,,,,
主动脉瓣钙化,主动脉瓣钙化,,心脏超声,,,,,,
主动脉夹层真假腔形成,主动脉夹层真假腔形成,心,心脏超声,是,是,主动脉夹层真假腔形成,,,
主动脉瓣狭窄,"主动脉瓣反流,主动脉瓣狭窄,瓣膜反流",主动脉,心脏超声,是,是,动脉,狭窄,,
瓣膜反流,"主动脉瓣反流,瓣膜反流",,心脏超声,,,,,,
主动脉瓣脱垂,主动脉瓣脱垂,心,心脏超声,是,是,主动脉瓣,脱垂,,
蛛网膜囊肿,"蛛网膜囊肿,颞底部蛛网膜囊肿,,颞极蛛网膜囊肿",脑,,是,是,蛛网膜囊肿,,,
肘关节痛,肘关节痛,肘,,是,是,肘关节痛,,,
肘骨关节病,肘骨关节病,肘,,是,是,肘骨关节病,,,
重复肾,"重复肾,左肾重复肾,右肾重复肾,肾重复肾",肾,,是,是,重复肾,,,
肿瘤特异性生长因子增高,"肿瘤特异性生长因子增高,肿瘤特异性生长因子tsgf增高",,,是,否,,,,
中值细胞绝对值增高,中值细胞绝对值增高,,,是,否,,,,
中值细胞百分率增高,"中值细胞百分率增高,中值细胞百分率偏高",,,是,否,,,,
中值细胞百分率偏低,中值细胞百分率偏低,,,是,否,,,,
中性粒细胞值增高,"中性粒细胞值五分类neu增高,中性粒细胞数目增高,中性粒细胞绝对值增高,中性粒细胞计数增高",,,是,否,,,,
中性粒细胞值降低,"中性粒细胞值五分类neu降低,中性粒细胞数目偏低,中性粒细胞数目减少,中性粒细胞绝对值降低,中性粒细胞计数降低",,,是,否,,,,
中性粒细胞百分率增高,"中性粒细胞百分比增高,中性粒细胞百分率偏高,中性粒细胞百分率增高",,,是,否,,,,
中性粒细胞百分率降低,"中性粒细胞百分率偏低,中性粒细胞百分率减少,中性粒细胞百分率降低",,,是,否,,,,
中耳炎,"中耳炎,急性分泌性中耳炎",耳,,是,是,中耳炎,,,
智齿,"阻生牙,阻生齿,智齿阻生尽根牙,智齿智齿冠周炎智齿阻生尽根牙",牙,,是,是,智齿|阻生牙?齿,,,
痔疮,"内痔,外痔,混合痔,痔疮",肛,,是,是,痔,,,
直接胆红素增高,"直接胆红素偏高,直接胆红素增高,血清直接胆红素偏高",,,是,否,,,,
直肠肿物,"直肠肿块,直肠肿物",肠,,是,是,直肠肿,,,
直肠占位,直肠占位,肠,,是,是,直肠,占位,,
直肠炎,直肠炎,肠,,是,是,直肠炎,,,
直肠息肉,直肠息肉,肠,,是,是,直肠息肉,,,
直肠脱垂,直肠脱垂,肠,,是,是,直肠脱垂,,,
直肠前突,直肠前突,肠,,是,是,直肠前突,,,
脂肪瘤,"脂肪瘤,乳腺高回声结节考虑脂肪瘤,乳腺高回声结节多发考虑脂肪瘤",全身,,是,是,皮下|体表,肿块,,
脂肪肝前期,"肝脂肪浸润,肝脏脂肪浸润,脂肪肝倾向,脂肪肝浸润,脂肪肝趋势,肝脏脂肪含量超过正常值,数字化肝超肝脏脂肪含量超过正常值,脂肪肝倾向,轻度脂肪肝可能,脂肪肝趋势",肝,,是,是,,,,
脂肪肝,"肝脂肪,肝脏脂肪性改变,脂肪肝,脂肪肝中度,脂肪肝非均匀性,轻度脂肪肝,脂肪肝重度,脂肪肝轻度,脂肪肝轻度中度,非均匀性脂肪肝,脂肪肝中－重度",肝,,是,是,肝脏脂肪|脂肪,超|肝,,
脂蛋白aLP(a)增高,脂蛋白alpa增高,,,是,否,,,,
支原体抗体,"支原体抗体,支原体抗体测定阳性",,,是,否,,,,
支气管炎,"慢性支气管炎,支气管炎",支气管,,是,是,支气管炎|肺纹理增?多,,,
枕部淋巴结肿大,"枕部淋巴结肿大,枕骨下区淋巴结肿大",淋巴结,,是,是,枕,淋巴结肿大,,
增殖膜,增殖膜,眼,,是,是,增殖膜,,,
增生物,增生物,全身,,是,是,增生物,,,
载脂蛋白B增高,载脂蛋白b增高,,,是,否,,,,
载脂蛋白B降低,载脂蛋白b偏低,,,是,否,,,,
载脂蛋白AⅡ增高,脂蛋白相关磷脂酶a2偏高,,,是,否,,,,
载脂蛋白A1增高,载脂蛋白a1增高,,,是,否,,,,
载脂蛋白A1降低,载脂蛋白a1降低,,,是,否,,,,
载脂蛋白A1/载脂蛋白B比值偏高,载脂蛋白a1载脂蛋白b偏高,,,是,否,,,,
载脂蛋白A1/载脂蛋白B比值偏低,载脂蛋白a1载脂蛋白b比值偏低,,,是,否,,,,
孕酮增高,孕酮增高,,,是,否,,,,
孕酮降低,孕酮降低,,,是,否,,,,
月经期乳腺,月经期乳腺,乳腺,,是,是,月经期乳腺,,,
远视,"怀疑右眼远视,怀疑左眼远视",眼,,是,是,远视,,,
预激综合征,"预激综合征,mahaim型预激综合征,心电图预激综合征a型,预激综合征ab型,心电图预激综合征,预激综合征c型,预激综合征b型",心,心电图,是,是,预激综合征,,,
幼稚子宫,幼稚子宫,子宫,,是,是,幼稚子宫,,,
右位主动脉弓,右位主动脉弓,动脉,心脏超声,是,是,右位主动脉弓,,,
右位心,"右位心,镜面右位心",心,心脏超声,是,是,右位心,,,
右室增大,右室增大,心,心脏超声,是,是,右室增大,,,
游走肾,游走肾,肾,,是,是,游走肾,,,
游离三碘甲状腺原氨酸增高,"游离三碘甲状腺原氨酸增高,血清游离三碘甲状腺原氨酸增高",,,是,否,,,,
游离三碘甲状腺原氨酸降低,"游离三碘甲状腺原氨酸降低,血清游离三碘甲状腺原氨酸降低",,,是,否,,,,
幽门螺旋杆菌感染,"幽门,幽门螺旋杆菌抗体检测增高,幽门螺旋杆菌检测阳性,幽门螺旋杆菌抗体定性弱阳性,幽门螺旋杆菌检测增高,幽门螺旋杆菌检测弱阳性,幽门螺旋杆菌抗体定性阳性,幽门螺旋杆菌定性阳性",胃,,是,是,幽门,,,
永存骨骺,"永存骨骺,棘突永存骨骺,椎体前缘永存骨骺",骨,,是,是,永存骨骺,,,
硬膜下血肿,硬膜下血肿,脑,,是,是,硬膜下血肿,,,
骶椎裂,"隐性骶椎裂,先天性隐性骶椎裂",骶尾部,,是,是,骶椎,裂,,
骶椎椎弓裂,骶椎椎弓裂,,,,,,,,
隐睾,"隐睾,隐睾症",睾丸,,是,是,隐睾,,,
阴囊肿物,"阴囊肿物,阴囊触及肿物",阴囊,,是,是,阴囊,肿物,,
阴囊湿疹,阴囊湿疹,阴囊,,是,是,阴囊,湿疹,,
阴茎肿物,阴茎肿物,阴茎,,是,是,阴茎,肿物,,
阴茎疣状物,阴茎疣状物,阴茎,,是,是,阴茎,疣状物,,
阴道炎,"滴虫阳性,阴道炎,阴道病,,霉菌阳性,滴虫性阴道炎,老年性阴道炎可能,老年性阴道炎,阴道镜霉菌性阴道炎可能",阴道,,是,是,阴道炎,,,
阴道酵母菌病,"外阴阴道酵母菌病,阴道酵母菌病",阴道,,是,是,阴道,酵母菌病,,
阴道横膈,阴道横膈,阴道,,是,是,阴道,横膈,,
阴道壁膨出,"阴道壁膨出,阴道膨出",阴道,,是,是,阴道,膨出,,
逸搏,"室性逸搏,房性逸搏,心电图室性逸搏心律,心电图交界性逸搏心律,心电图房性逸搏,心电图室性逸搏,心电图房性逸搏心律,心电图交界性逸搏",心,心电图,是,是,性逸搏,,,
异位心律,异位心律,心,心电图,是,是,异位,心律,,
义齿,"义齿,义齿牙齿有义齿",牙,,是,是,义齿,,,
乙肝小三阳,小三阳,肝,,是,是,小三阳,,,
乙肝大三阳,大三阳,肝,,是,是,大三阳,,,
乙肝病毒表面抗体阳性,乙肝病毒表面抗体 阳性,肝,,是,否,,,,
乙肝,"乙型肝炎,乙肝",肝,,是,是,乙肝,,,
睡眠呼吸暂停,"疑似睡眠呼吸暂停低通气综合征轻度,疑似睡眠呼吸暂停低通气综合征中度,阻塞性睡眠呼吸暂停低通气综合征可能",鼻咽部,,是,是,暂停低通气综合征,,,
胰腺占位性病变,"胰头占位性病变,胰腺占位性病变,胰腺实质性占位",胰,,是,是,胰,占位,,
胰腺异常回声,胰腺异常回声,胰,,是,是,胰腺,异常回声,,
胰腺囊肿,"胰腺假性囊肿,胰腺囊肿,胰腺囊肿可能",胰,,是,是,胰腺,囊肿,,
胰岛素增高,胰岛素增高,,,是,否,,,,
胰岛素降低,胰岛素降低,,,是,否,,,,
衣原体测定阳性,"衣原体测定弱阳性,衣原体测定阳性",,,是,否,,,,
腋下淋巴肿大,"腋窝反应增生性肿大淋巴结,腋窝淋巴结肿大",淋巴结,,是,是,腋窝,淋巴结,肿大,
叶酸降低,"叶酸测定降低,叶酸降低",,,是,是,叶酸,降低,,
腰椎病变,"腰椎,腰椎退行性变可能,腰椎退行性变,腰椎间盘病变,腰椎体骨质破坏,腰椎间盘突出,腰椎间盘膨出,腰椎骨密度降低,腰椎骨质增生,腰椎骨质疏松,腰椎体楔形改变,腰椎椎体呈竹节状改变,腰椎间隙变窄,胸椎体骨质异常,腰椎骶化,腰椎曲度变直,腰椎骨质增生可能,腰椎滑脱,腰椎退行变可能",腰椎,,是,是,腰椎,,,
腰臀比增高,腰臀比增高,,,是,否,,,,
腰腿痛,腰腿痛,,,是,是,腰腿痛,,,
眼针尖样瞳孔,"眼针尖样瞳孔,眼针尖样瞳孔眼底不能窥视",眼,,是,是,瞳孔,眼,,
眼瞳孔闭锁,"眼瞳孔闭锁,眼瞳孔闭锁眼底不能窥视",眼,,,,,,,
眼压偏高,"眼压偏高,眼压高,眼压高可疑",眼,,是,否,,,,
眼压偏低,眼压偏低,眼,,是,否,,,,
眼斜视,"眼内斜视,眼外斜视",眼,,是,是,斜视,,,
眼网脱术后眼底,眼网脱术后眼底,眼,,是,是,眼网脱术后眼底,,,
眼球震颤,眼球震颤,眼,,是,是,眼球震颤,,,
眼球萎缩,眼球萎缩,眼,,是,是,眼球萎缩,,,
眼球突出,眼球突出,眼,,是,是,眼球突出,,,
眼球缺如,眼球缺如,眼,,是,是,眼球缺如,,,
眼球活动受限,眼球活动受限,眼,,是,是,眼球活动受限,,,
眼睑霰粒肿,眼睑霰粒肿,眼,,是,是,眼睑,霰粒肿,,
眼睑外翻,眼睑外翻,眼,,是,是,眼睑,外翻,,
眼睑水肿,眼睑水肿,眼,,是,是,眼睑,水肿,,
眼睑皮肤色素痣,眼睑皮肤色素痣,眼,,是,是,眼睑,色素痣,,
眼睑内翻,眼睑内翻,眼,,是,是,眼睑,内翻,,
眼睑麦粒肿,眼睑麦粒肿,眼,,是,是,眼睑麦粒肿,,,
睑腺炎,眼睑板性肉芽肿性睑腺炎,眼,,,,,,,
结膜结石,"结膜结石,眼睑结膜结石",眼,,是,是,结膜,结石,,
眼睑闭合障碍,眼睑闭合障碍,眼,,是,是,眼睑,闭合,,
眼睑板腺阻塞,眼睑板腺阻塞,眼,,是,是,眼睑,板腺阻塞,,
眼底细节不辨,眼底细节不辨,眼,,是,是,眼底,不辨,,
眼底窥视不清,"眼底不能窥视,眼底窥视不清,眼底细节不辨,眼针尖样瞳孔眼底不能窥视,眼瞳孔闭锁眼底不能窥视",眼,眼底检查,是,是,眼底,窥视,,
眼底出血,眼底出血,眼,眼底检查,是,是,眼,血,,
眼睑瘀血,眼睑瘀血,眼,,,,,,,
结膜下出血,结膜下出血,眼,,,,,,,
结膜充血,结膜充血,眼,,,,,,,
视网膜出血,"视网膜出血,眼视网膜出血",眼,眼底检查,,,,,,
牙渍,牙渍,牙,,是,是,牙渍,,,
牙周炎,"牙周炎可能,牙周炎,牙根尖周炎,",牙,,是,是,牙,炎,,
牙龈炎,牙龈炎,牙,,,,,,,
牙髓炎,牙髓炎,牙,,,,,,,
牙周脓肿,牙周脓肿,牙,,是,是,牙周脓肿,,,
牙周袋,牙周袋,牙,,是,是,牙周袋,,,
牙折,"牙冠折断,牙折,牙折裂",牙,,是,是,牙,折,,
牙隐裂,"牙隐裂,",牙,,是,是,牙,隐裂,,
牙龈增生,牙龈增生,牙,,是,是,牙龈,增生,,
牙龈龈瘘,牙龈龈瘘,牙,,是,是,龈瘘,,,
牙龈萎缩,牙龈萎缩,牙龈萎缩,,牙,是,是,牙龈萎缩,,
牙龈水肿,牙龈水肿,牙,,是,是,牙龈水肿,,,
牙龈瘤,牙龈龈瘤,牙,,是,是,龈瘤,,,
牙面色素沉着,牙面色素沉着,牙,,是,是,牙,色素,,
牙菌斑,牙菌斑,牙,,是,是,牙菌斑,,,
牙结石,"牙结石,龈下牙结石",牙,,是,是,牙,结石,,
牙齿松动,"牙松动,牙齿有松动,牙齿松动",牙,,是,是,牙,松动,,
牙齿缺失,"牙齿缺失,缺失牙,缺齿",牙,,是,是,牙,缺失,,
牙齿磨损,"牙重度磨损,牙齿磨损",牙,,是,是,牙,磨损,,
牙齿残缺,"残冠,残根,残根残冠,残根牙缺失,牙位缺失,牙楔状缺损,牙缺失,牙缺失残根,牙缺损,牙齿楔状缺损,牙齿残根,牙齿缺失,缺失残根,缺失牙,缺齿,部分残冠,部分残根",牙,,是,是,残根|缺齿,,,
牙残冠,"牙残冠,部分残冠",牙,,是,是,残冠,,,
牙本质过敏,牙本质过敏,牙,,是,是,牙,过敏,,
血压偏低,"低血压,血压低,血压偏低",,,是,否,,,,
血小板压积增高,"血小板压积五分类pct增高,血小板压积增高",,,是,否,,,,
血小板压积降低,"血小板压积五分类pct降低,血小板压积降低",,,是,否,,,,
血小板计数增高,"血小板总数五分类plt增高,血小板总数偏高,血小板计数增高,血小板计数偏高,血小板计数五分类plt增高",,,是,否,,,,
血小板计数降低,"血小板总数五分类plt降低,血小板计数降低,血小板计数五分类plt降低",,,是,否,,,,
血小板分布宽度增高,"血小板分布宽度五分类pdw增高,血小板分布宽度增高,血小板分布宽度偏高",,,是,否,,,,
血小板分布宽度降低,血小板分布宽度偏低,,,是,否,,,,
血吸虫病肝,"血吸虫病性肝改变,血吸虫病肝,血吸虫肝病,血吸虫病肝改变,慢性血吸虫肝病可能",,,是,否,,,,
血清总蛋白增高,"总蛋白偏高,总蛋白增高,血清总蛋白偏高",,,是,否,,,,
血清总蛋白降低,"总蛋白降低,血清总蛋白降低",,,是,否,,,,
血清总胆红素增高,"总胆红素偏高,总胆红素增高,总胆红素轻度增高,血清总胆红素增高",,,是,否,,,,
血清总胆红素降低,"血清总胆红素偏低,血清总胆红素降低",,,是,否,,,,
血清总胆固醇增高,"总胆固醇偏高,总胆固醇增高,血清总胆固醇增高,血清总胆固醇甘油三酯低密度脂蛋白均偏高,高胆固醇血症",,,是,否,,,,
血清总胆固醇降低,"总胆固醇偏低,总胆固醇降低,血清总胆固醇偏低",,,是,否,,,,
血清总IgE增高,血清总ige增高,,,是,否,,,,
血清游离甲状腺素增高,"游离甲状腺素增高,血清游离甲状腺素增高,血清甲状腺素增高",,,是,否,,,,
血清游离甲状腺素降低,"游离甲状腺素降低,血清游离甲状腺素降低,甲状腺素降低,血清甲状腺素降低",,,是,否,,,,
甲状腺素增高,"甲状腺素增高,血清甲状腺素增高",,,,,,,,
血清岩藻糖苷酶测定增高,血清岩藻糖苷酶测定增高,,,是,否,,,,
血清铜增高,血清铜增高,,,是,否,,,,
血清铜降低,"血清铜降低,血铜降低",,,是,否,,,,
血清铁增高,"血清铁增高,血清铁蛋白测定增高",,,是,否,,,,
血清铁降低,"血清铁降低,血清铁降低血清铁蛋白测定降低",,,是,否,,,,
血清乳酸脱氢酶增高,"乳酸脱氢酶增高,血清乳酸脱氢酶增高",,,是,否,,,,
血清乳酸脱氢酶降低,"乳酸脱氢酶偏低,血清乳酸脱氢酶偏低",,,是,否,,,,
血清尿酸增高,"尿酸偏高,尿酸增高,高尿酸血症,血清尿酸增高",,,是,否,,,,
血清尿酸降低,"尿酸偏低,尿酸降低,血清尿酸偏低",,,是,否,,,,
血清钠增高,血清钠增高,,,是,否,,,,
血清钠降低,血清钠降低,,,是,否,,,,
血清免疫球蛋白IgM增高,"免疫球蛋白igm增高,血清免疫球蛋白igm增高",,,是,否,,,,
血清免疫球蛋白IgM降低,"免疫球蛋白igm降低,血清免疫球蛋白igm降低",,,是,否,,,,
血清免疫球蛋白IgG增高,"免疫球蛋白igg增高,血清免疫球蛋白igg增高",,,是,否,,,,
血清免疫球蛋白IgG降低,"免疫球蛋白igg降低,血清免疫球蛋白igg降低",,,是,否,,,,
血清免疫球蛋白IgA增高,"免疫球蛋白iga增高,血清免疫球蛋白iga增高",,,是,否,,,,
血清免疫球蛋白IgA降低,"免疫球蛋白iga降低,血清免疫球蛋白iga降低",,,是,否,,,,
血清镁增高,血清镁增高,,,是,否,,,,
血清镁降低,血清镁降低,,,是,否,,,,
血清氯增高,血清氯增高,,,是,否,,,,
血清氯降低,血清氯降低,,,是,否,,,,
血清磷增高,血清磷增高,,,是,否,,,,
血清磷降低,血清磷降低,,,是,否,,,,
血清类风湿因子增高,"类风湿因子升高,类风湿因子增高,血清类风湿因子增高",,,是,否,,,,
血清结合胆红素偏高,"结合胆红素偏高,血清结合胆红素偏高",,,是,否,,,,
血清结合胆红素偏低,结合胆红素偏低,,,是,否,,,,
血清碱性磷酸酶增高,"碱性磷酸酶增高,血清碱性磷酸酶增高",,,是,否,,,,
血清碱性磷酸酶降低,"碱性磷酸酶偏低,血清碱性磷酸酶偏低",,,是,否,,,,
血清钾增高,"血清钾增高,高血钾",,,是,否,,,,
血清钾降低,"低血钾,血清钾降低",,,是,否,,,,
血清胱抑素C增高,"胱抑素c增高,血清胱抑素c增高",,,是,否,,,,
血清胱抑素C降低,"胱抑素c偏低,胱抑素c降低,血清胱抑素c偏低",,,是,否,,,,
盆腔积液,盆腔积液血清谷草转氨酶偏高,,,,,,,,
血清谷草转氨酶增高,"血清谷草转氨酶增高,谷草转氨酶偏高,谷草转氨酶增高,盆腔积液血清谷草转氨酶偏高",,,是,否,,,,
血清谷草转氨酶降低,谷草转氨酶偏低,,,是,否,,,,
血清谷丙转氨酶增高,"谷丙转氨酶偏高,谷丙转氨酶增高,血清谷丙转氨酶增高",,,是,否,,,,
血清谷丙转氨酶降低,谷丙转氨酶偏低,,,是,否,,,,
血清高密度脂蛋白增高,"血清高密度脂蛋白增高,高密度脂蛋白升高,高密度脂蛋白增高,血清高密度脂蛋白偏高",,,是,否,,,,
血清高密度脂蛋白降低,"高密度脂蛋白降低,血清高密度脂蛋白降低,血清高密度脂蛋白阳性",,,是,否,,,,
血清高密度脂蛋白胆固醇增高,"高密度脂蛋白胆固醇增高,血清低密度脂蛋白胆固醇测定ldlc增高",,,是,否,,,,
血清高密度脂蛋白胆固醇降低,"高密度脂蛋白胆固醇降低,血清高密度脂蛋白胆固醇测定hdlc降低",,,是,否,,,,
血清甘油三酯增高,"甘油三脂偏高,甘油三脂增高,甘油三酯偏高,血清甘油三酯增高,高甘油三脂血症",,,是,否,,,,
血清甘油三酯降低,"甘油三酯偏低,血清甘油三酯降低,血清甘油三酯偏低",,,是,否,,,,
血清钙增高,"血清钙增高,血清钙偏高",,,是,否,,,,
血清钙降低,"血清钙偏低,血清钙降低",,,是,否,,,,
血清淀粉酶 增高,血清淀粉酶 增高,,,是,否,,,,
血清低密度脂蛋白增高,"低密度脂蛋白偏高,低密度脂蛋白增高,血清低密度脂蛋白增高,高低密度脂蛋白血症",,,是,否,,,,
血清低密度脂蛋白降低,"低密度脂蛋白偏低,低密度脂蛋白降低",,,是,否,,,,
血清促甲状腺激素增高,"促甲状腺激素增高,血清促甲状腺激素增高",,,是,否,,,,
血清促甲状腺激素降低,"促甲状腺激素降低,血清促甲状腺激素降低",,,是,否,,,,
血清白蛋白增高,"白蛋白偏高,白蛋白增高,血清白蛋白偏高",,,是,否,,,,
血清白蛋白降低,"白蛋白降低,血清白蛋白降低",,,是,否,,,,
血清白/球比值增高,血清白球比值偏高,,,是,否,,,,
血清白/球比值降低,血清白球比值降低,,,是,否,,,,
血铅 增高,血铅 增高,,,是,否,,,,
血黏度,"血黏度异常,全血粘度",,,是,否,,,,
血流变异常,"血流变学异常,血流变异常,血液流变异常",血管,,是,是,血流变,,,
血红蛋白增高,"血红蛋白五分类hgb增高,血红蛋白偏高,血红蛋白增多,血红蛋白增高,红细胞和血红蛋白增多",,,是,否,,,,
血红蛋白降低,"血红蛋白五分类hgb降低,血红蛋白偏低,血红蛋白减低,血红蛋白减少,血红蛋白降低,红细胞和血红蛋白减少,血红蛋白增高",,,是,否,,,,
血管正常变异,血管正常变异,血管,,是,是,血管,正常变异,,
血管迂曲,血管迂曲,血管,,是,是,血管,迂曲,,
血管硬化,"血管弹性减弱,血管弹性减退,血管弹性轻度下降,血管弹性降低,血管硬化,血管硬度与同龄人相比硬,血管硬度与同龄人相比稍硬,血管粥样硬化斑块形成,动脉硬化检测血管弹性减弱",血管,颈动脉超声,是,是,血管,硬,,
视网膜血管硬化,视网膜血管硬化,血管,眼底检查,,,,,,
血管畸形,血管畸形,血管,,是,是,血管,畸形,,
血管弹性,"tcd检查脑动脉血管弹性降低,tcd检查脑椎基底动脉血管弹性减低所检脑动脉血流速度略增快,血管弹性减退,血管弹性轻度下降,血管弹性降低",血管,颈动脉超声,是,是,血管,弹性,,
血管白鞘,血管白鞘,血管,,是,是,血管,白鞘,,
血钙(偏低),血钙(偏低),,,是,否,,,,
血沉偏高,"血沉偏高,血沉升高,血沉增快,血沉方程k值升高",,,是,否,,,,
许莫氏结节,"schmorl氏结节,schmorl结节,schmorl氏结节形成,",腰椎,,是,是,chmorl,结节,,
嗅觉障碍,嗅觉功能减退,,,是,是,嗅觉功能,,,
胸腔积液,"胸腔包裹性积液,胸腔积液",胸,,是,是,胸腔,积液,,
胸膜钙化,"胸膜增厚局部钙化,陈旧性结核性胸膜炎合并钙化,胸膜增厚,胸膜肥厚粘连钙化",胸膜,,是,是,胸膜,厚,,
胸膜增厚粘连,胸膜增厚粘连,,,,,,,,
肺金属异物影,胸壁软组织及肺金属异物影,胸,,是,是,胸壁软组织,,,
锌测定增高,"血锌偏高,锌测定增高",,,是,否,,,,
锌测定偏低,"锌测定偏低,锌降低,血锌偏低",,,是,否,,,,
心脏早搏,"偶发室性早搏,偶发房性早搏,偶发房早伴室内差异性传导,室性早搏,心律早搏,心电图房早未下传,房性早搏,早搏,心房颤动伴室性早搏,房性早搏伴心室内差异性传导,心电图室性早搏成对出现,心电图室性早搏二联律,心电图室性早搏,心电图房性早搏,心电图房性早搏二联律,心电图心房颤动伴室性早搏,心电图交界性早搏三联律",心,心电图,是,是,早搏,,,
心脏杂音,"心尖部喀喇音,心尖部海鸥音,心脏杂音",心,听诊,是,是,心,音,,
心影增大,"心影增大,心影横径增大,心影增大改变性质,主动脉节突出心影横径增大",心,心脏超声,是,是,心影,,,
心室高电压,"左室高电压,左心室高电压,心电图左室高电压",心,心电图,是,是,心,高电压,,
心室肥大,"心室肥大,心电图左心室肥大,心电图左心室肥大伴劳损,心电图双侧心室肥大",心,心电图,是,是,心室,肥,,
心室肥厚,"心室肥厚,心电图左心室肥厚伴劳损,心电图左心室肥厚,心电图右心室肥厚",,心电图,,,,,,
心律失常,心律失常,心,心电图,是,是,心律失常,,,
心肌缺血,"心肌呈缺血型改变,心肌缺血,心肌呈缺血型改变心肌缺血",心,心电图,是,是,心肌,缺血,,
心肌梗塞,"心肌梗塞,急性广泛前壁心肌梗塞,急性下壁心肌梗塞,心肌梗塞并室壁瘤,陈旧性下壁心肌梗塞,前间壁心肌梗塞,急性高侧壁心肌梗塞,陈旧性前壁心肌梗塞,前壁心肌梗塞,可疑心内膜下心肌梗塞,陈旧性前间壁心肌梗塞,急性侧壁心肌梗塞,广泛前壁心肌梗塞,急性前间,壁心肌梗塞,陈旧性正后壁心肌梗塞,陈旧性广泛前壁心肌梗塞,下壁心肌梗塞,陈旧性心肌梗塞,陈旧性高侧壁心肌梗塞,侧壁心肌梗塞,陈旧性侧壁心肌梗塞,高侧壁心肌梗塞,急性前壁心肌梗塞,急性前间壁心肌梗塞",心,心电图,是,是,心肌,梗塞|梗死,,
心肌病,"心肌病,肥厚型心肌病,扩张型心肌病",心,心脏超声,是,是,心肌病,,,
心横位,心横位,心,心脏超声,是,是,心,横位,,
心房增大,"右房增大,左房增大,左房扩大,心房增大,心房大,",心,心脏超声,是,是,心房|肺型|二尖瓣型,增大|P波,,
心房肥大,"右心房肥大,左心房肥大,心房肥大,心电图左心房肥大,心电图右心房肥大",,心电图,,,,,,
心房负荷过重,"左心房负荷过重,心电图左心房负荷过重",,心电图,,,,,,
房颤,"心房纤颤,心房颤动,房颤,心电图心房颤动,,心电图快速心房颤动,心房颤动伴长rr间期",心,心电图,是,是,颤,,,
心房扑动,心房扑动,,心电图,,,,,,
心电轴偏移,"心电轴右偏,心电轴左偏,电轴右偏,电轴左偏,心电图心电轴右偏,心电图心电轴左偏",心,心电图,是,是,电轴,,,
心电图左房心律,心电图左房心律,心,心电图,是,是,左房,心律,,
心电图长QT间期综合症,心电图长qt间期综合症,心,心电图,是,是,心电图长QT间期综合症,,,
心电图早期复极,"早期复极,早期复极正常变异,早期复极综合征,过早复极,心电图早期复极综合征,早期复极早期复极正常变异",心,心电图,是,是,早期,复极,,心电图
心电图异常,心电图异常,心,心电图,是,是,房,异常,,心电图
右房异常,右房异常,,心电图,,,,,,
左房异常,左房异常,,心电图,,,,,,
异位心律,异位心律,,心电图,,,,,,
奔马律,奔马律,,心电图,,,,,,
3s综合征,3s综合征,,心电图,,,,,,
brugada波,brugada波,,心电图,,,,,,
osborn波,osborn波,,心电图,,,,,,
心电图顺钟向转位,"顺钟向转位,心电图顺钟向转位",心,心电图,是,是,转位,顺,,
心电图逆钟向转位,逆钟向转位,心,心电图,是,是,逆,转位,,
心电图低电压,"低电压,心电图低电压,胸导联低电压",心,心电图,是,是,低电压,,,
心电图T波改变,"t波,t波改变,心电图t波改变,部分导联t波倒置,t波形态高尖",心,心电图,是,是,T波改变,T波倒置,,
心电图ST段改变,"st段压低,st段异常,st段改变,心电图st段压低,心电图st段改变,心电图st段异常",心,心电图,是,是,ST-T|ST段,,,
心电图ST-T改变,"stt异常,stt改变,stt波改变,stt重度改变,st段t波改变,心电图stt改变,心电图左心室高电压stt改变",心,心电图,是,是,ST-T,改变,,
心电图Q波异常,"心电图q波异常,心电图异常q波",心,心电图,是,是,Q波,异常,,
心电图：心房扑动,心电图心房扑动,心,心电图,是,是,心房扑动,,,
心电图：窦性停搏,心电图窦性停搏,心,心电图,是,是,停搏,窦性,,
心包膜增厚,心包膜增厚,心,心脏超声,是,是,心包膜,增厚,,
心包积液,"心包腔积液,心包积液",心,心脏超声,是,是,心包,积液,,
楔状缺损,"楔状缺损,牙楔状缺损",牙,,是,是,楔状,缺损,,
小气道功能受损,"小气道功能受损,小气道病变,小气道功能受损小气道病变",支气管,,是,是,小气道,,,
小角膜,小角膜,眼,,是,是,小角膜,,,
先天性无子宫,先天性无子宫,子宫,,是,是,先天性无子宫,,,
先天性畸形,先天性畸形,,,是,是,先天性畸形,,,
下肢水肿,下肢水肿,下肢,,是,是,下肢,水肿,,
下肢静脉曲张,下肢静脉曲张,下肢,,是,是,下肢,静脉,,
下肢深静脉反流,下肢深静脉反流,,,,,,,,
膝骨关节退行性改变,"膝关节退行性变,膝关节退行性骨关节炎,膝骨关节退行性改变",膝,,是,是,膝,退行性,,
戊型肝炎病毒抗体阳性,"戊型肝炎病毒igm抗体弱阳性,戊型肝炎病毒igm抗体阳性",,,是,否,,,,
胃占位性病变,胃占位性病变,胃,,是,是,胃,占位,,
胃粘膜层毛糙,胃粘膜层毛糙,胃,,是,是,胃,毛糙,,
胃炎,"胃炎,胃窦炎,慢性浅表性胃炎胃窦炎,慢性浅表性胃炎胃窦炎胃动力差,浅表性胃炎,浅表性胃炎胃动力差,轻度浅表性胃炎,慢性胃炎,萎缩性胃炎,慢性浅表性胃炎",胃,,是,是,胃炎,,,
胃动力差,"胃动力差,浅表性胃炎胃动力差",,,,,,,,
胃下垂,胃下垂,胃,,是,是,胃,下垂,,
胃泌素增高,"胃泌素g17定量增高,胃泌素增高,餐后胃泌素g17定量增高",,,是,否,,,,
胃泌素降低,"胃泌素g17定量偏低,胃泌素g17定量降低,胃泌素降低,胃泌素g17定量降低餐后胃泌素g17定量偏低",,,是,否,,,,
胃蛋白酶原比值增高,"胃蛋白酶原比值偏高,胃蛋白酶原比值增高",,,是,否,,,,
胃蛋白酶原比值降低,"胃蛋白酶原比值偏低,胃蛋白酶原比值降低",,,是,否,,,,
胃蛋白酶原Ⅱ增高,"胃蛋白酶原2偏高,胃蛋白酶原2增高",,,是,否,,,,
胃蛋白酶原Ⅱ降低,"胃蛋白酶原2偏低,胃蛋白酶原2降低",,,是,否,,,,
胃蛋白酶原Ⅰ增高,胃蛋白酶原1增高,,,是,否,,,,
胃蛋白酶原Ⅰ降低,"胃蛋白酶原1偏低,胃蛋白酶原1降低",,,是,否,,,,
睾丸未显示,睾丸未显示,,,是,是,睾丸未显示,,,
萎缩性细胞改变,萎缩性细胞改变,眼,,是,是,萎缩性细胞,,,
萎缩斑,萎缩斑,眼,,是,是,萎缩斑,,,
萎缩斑,萎缩斑,,,是,否,,,,
网脱术后眼底,网脱术后眼底,眼,,是,是,网脱术后眼底,,,
外阴疣状物,"外生殖器疣状物,外阴疣状物",外阴,,是,是,外阴,疣状物,,
外阴湿疹,外阴湿疹,阴道,,是,是,外阴,湿疹,,
外阴切除术后,外阴切除术后,外阴,,是,是,,,,
外阴囊肿,外阴囊肿,外阴,,是,是,外阴,囊肿,,
外阴红肿,外阴红肿,阴道,,是,是,外阴,红肿,,
外阴白斑,外阴白斑,阴道,,是,是,外阴,白斑,,
外耳道真菌病,外耳道真菌病,耳,,是,是,外耳道,真菌病,,
外耳道疖肿,"外耳道疖肿,耳道疖肿",耳,,是,是,耳道,,,
外耳道炎,外耳道炎,,,,,,,,
透明黏性白带,透明黏性白带,阴道,,是,是,白带,黏性,,
透明隔囊肿形成,透明隔囊肿形成,脑,,是,是,透明隔囊肿形成,,,
头颅血肿,头颅血肿,头颅,,是,是,头颅,血肿,,
痛风,痛风,关节,,是,是,痛风,,,
瞳孔变形,"尖样瞳孔,瞳孔变形,眼瞳孔变形",眼,,是,是,瞳孔,变形,,
同型半胱氨酸增高,同型半胱氨酸增高,,,是,否,,,,
听力偏移,"听力偏移,左耳高频听力偏移右耳高频听力偏移",耳,,是,是,听力偏移,,,
听力减退,听力减退,耳,,是,是,听力减退,,,
铁蛋白增高,"铁蛋白偏高,铁蛋白增高",,,是,否,,,,
铁蛋白降低,铁蛋白降低,,,是,否,,,,
尿转铁蛋白增高,尿转铁蛋白增高,,,,,,,,
天门冬氨酸氨基转移酶增高,"天门冬氨酸氨基转移酶增高,血清天门冬氨酸氨基转移酶增高",,,是,否,,,,
体重指数高,体重指数偏高,,,是,是,体重指数,高,,
糖尿病,糖尿病,胰,,是,是,糖尿病,,,
糖化血红蛋白增高,"糖化血红蛋白a1c增高,糖化血红蛋白增高",,,是,否,,,,
糖化血红蛋白降低,糖化血红蛋白a1c偏低,,,是,否,,,,
锁骨上窝淋巴结,"锁骨上窝淋巴结,锁骨上窝淋巴结肿大",骨,,是,是,锁骨上窝,淋巴结,,
锁骨上窝包块,锁骨上窝包块,锁骨上窝,,是,是,锁骨上窝包块,,,
髓过氧化物酶MPO增高,髓过氧化物酶mpo增高,,,是,否,,,,
松果体囊肿,松果体囊肿,脑,,是,是,松果体囊肿,,,
四环素牙,四环素牙,牙,,是,是,四环素牙,,,
双子宫,"双子宫,双角子宫",子宫,,是,是,子宫,双,,
束支传导阻滞,"束支传导阻滞,心电图不完全性左束支传导阻滞,完全性右束支传导阻滞,心电图完全性左束支传导阻滞,不完全性右束支传导阻滞,心电图不完全性右束支传导阻滞,完全性左束支传导阻滞",心,心电图,是,是,传导阻滞,束,,
残端息肉,"残端息肉,术后残端息肉,术后阴道残端息肉",阴道,,是,是,息肉,残端,,
输尿管囊肿,输尿管囊肿,输尿管,,是,是,输尿管,囊肿,,
输尿管扩张,输尿管扩张,输尿管,,是,是,输尿管,扩张,,
输尿管结石,"输尿管上段结石,输尿管下段结石,输尿管结石",输尿管,,是,是,输尿管,结石,,
输卵管积水,"输卵管积水,,左侧输卵管积水输卵管积水脓,输卵管积液可能,双侧侧输卵管积水,右侧输卵管积水,输卵管积液",输卵管,,是,是,积,输卵管,,
嗜酸性粒细胞计数增高,"嗜酸性粒细胞值eos偏高,嗜酸性粒细胞计数偏高",,,是,否,,,,
嗜酸性粒细胞计数降低,嗜酸性粒细胞值eos偏低,,,是,否,,,,
嗜酸性粒细胞比率增高,嗜酸性粒细胞比率eos偏高,,,是,否,,,,
嗜酸性粒细胞比率降低,嗜酸性粒细胞比率eos偏低,,,是,否,,,,
嗜碱性粒细胞计数增高,嗜碱性粒细胞值baso偏高,,,是,否,,,,
嗜碱性粒细胞比率增高,嗜碱性粒细胞比率baso偏高,,,是,否,,,,
室间隔增厚,"室间隔及左室后壁对称性增厚,室间隔增厚,室间隔及左室后壁对称性增厚室间隔增厚",心,心脏超声,是,是,室间隔,增厚,,
室间隔缺损,室间隔缺损,心,心脏超声,是,是,室间隔,缺损,,
室壁瘤,"室壁瘤,心尖部室壁瘤,后壁室壁瘤",心,心脏超声,是,是,室壁瘤,,,
视网膜有髓神经纤维,"视神经乳头侧视網膜有髓神经纤维先天性,视網膜有髓神经纤维",眼,眼底检查,是,是,视,神经|網膜|网膜,髓神经纤维,
视网膜水肿,视网膜水肿,眼,眼底检查,是,是,视网膜,水肿,,
视网膜渗出,"视网膜硬性渗出,视网膜软性渗出,眼视网膜硬性渗出,硬性渗出",眼,眼底检查,是,是,视网膜,渗出,,
视网膜神经节细胞M通路功能异常,"视网膜神经节细胞m通路功能轻度异常,视网膜神经节细胞m通路功能异常",眼,眼底检查,是,是,,,,
视网膜色素变性,"视网膜色素变性,眼视网膜色素变性",眼,眼底检查,是,是,视网膜,色素变性,,
视网膜内微血管异常,视网膜内微血管异常,眼,眼底检查,是,是,视网膜内微血管异常,,,
视网膜静脉周围炎,视网膜静脉周围炎,眼,眼底检查,是,是,视网膜静脉周围炎,,,
视网膜动脉硬化,"眼动脉硬化,视网膜动脉硬化,视网膜1度硬化,视网膜2度硬化",眼,眼底检查,是,是,视网膜,硬化,,
视网膜静脉阻塞,视网膜静脉阻塞,,眼底检查,,,,,,
结膜充血,"结膜下出血,结膜充血",眼,,是,是,膜,血,,
视网膜病变,"视网膜病变,视网膜血管病变,中心性浆液性脉络膜视网膜病变,高血压病视网膜病变,糖尿病视网膜病变",眼,眼底检查,是,是,视网膜,病变,,
视神经萎缩,"视神经乳头色淡边缘模糊,视神经乳头色淡边缘清晰,视神经乳头色苍白,视神经萎缩",眼,眼底检查,是,是,视神经,萎缩,,
视神经乳头炎,"视神经乳头炎,视神经乳头色苍白",眼,眼底检查,是,是,神经,苍白,,
视神经乳头生理凹陷扩大,眼视神经乳头生理凹陷扩大,眼,,是,是,视神经乳头,凹陷扩大,,
眼视神经乳头色淡边缘清晰,"眼视神经乳头色淡边缘清晰,视神经乳头色淡边缘清晰",眼,眼底检查,是,是,视神经,清晰,,
眼视神经乳头色淡边缘模糊,"眼视神经乳头色淡边缘模糊,视神经乳头色淡边缘模糊",,眼底检查,,,,,,
视神经乳头,视神经乳头色苍白,眼,眼底检查,是,是,视神经,模糊,,
视盘周围萎缩弧,视盘周围萎缩弧,眼,眼底检查,是,是,视盘,周围萎缩弧,,
视盘血管袢,视盘血管袢,眼,眼底检查,是,是,视盘,血管袢,,
视盘新生血管,视盘新生血管,眼,眼底检查,是,是,视盘,新生血管,,
视盘发育异常,视盘发育异常,眼,眼底检查,是,是,视盘,发育异常,,
视盘表面出血,视盘表面出血,眼,眼底检查,是,是,视盘,表面出血,,
视盘边缘不清,视盘边缘不清,眼,眼底检查,是,是,视盘,边缘不清,,
视力欠佳,"视力下降,视力欠佳,右眼视力欠佳,左眼视力欠佳",眼,,是,是,视力,缺陷|欠佳|下降,,
视力缺陷,"视力缺陷,左眼视力缺陷,右眼视力缺陷",,,,,,,,
视黄醇结合蛋白增高,视黄醇结合蛋白增高,,,是,否,,,,
视黄醇结合蛋白偏低,视黄醇结合蛋白偏低,,,是,否,,,,
视杯扩大,视杯扩大,眼,,是,是,视杯,扩大,,
始基子宫,始基子宫,子宫,,是,是,始基子宫,,,
食道病变,食道病变,食道,,是,是,食道病变,病变,,
十二指肠溃疡,"十二指肠溃疡,十二指肠球部溃疡,胃溃疡十二指肠溃疡",肠,,是,是,溃疡,,,
声音嘶哑,"声音嘶哑,声音嘶哑原因待查",声带,,是,是,声音嘶哑,,,
声带息肉,声带息肉,咽,,是,是,声带,息肉,,
渗出性皮肤病,渗出性皮肤病,皮肤,,是,是,渗出性皮肤病,,,
肾柱肥大,肾柱肥大,肾,,是,是,肾柱,肥大,,
肾占位性病变,"肾占位性病变,肾实性占位,肾实性占位考虑肾错构瘤可能,右肾占位性病变,左肾占位性病变",肾,肾脏超声,是,是,占位,肾,,
肾实质损害,"肾实质呈损害改变,左肾实质呈损害改变,右肾实质呈损害改变",肾,肾脏超声,是,是,肾,损害,,
肾脏局限性积液,"右肾脏局限性积液,左肾脏局限性积液",肾,肾脏超声,是,是,肾脏局限性积液,,,
肾异位,"异位肾,,右肾异位肾,左侧异位肾,右侧异位肾,侧异位肾,左肾异位肾,肾异位",肾,肾脏超声,是,是,肾,异位,,
肾异常回声,"肾内多个高回声,肾内高回声,肾异常回声,肾脏异常回声,左肾内高回声,右肾内高回声",肾,肾脏超声,是,是,肾,异常回声|回声,,
肾移植,"肾移植,左肾移植",肾,肾脏超声,是,是,肾移植,,,
肾未探及,"肾未探及,右肾未探及,左肾未探及",肾,肾脏超声,是,是,肾未探及,,,
肾萎缩,"肾萎缩,左肾萎缩,右肾萎缩",肾,肾脏超声,是,是,肾,萎缩,,
肾体积偏小,肾体积偏小,肾,肾脏超声,是,是,肾体积,小,,
肾缺如,"肾缺如,左肾缺如可能",肾,肾脏超声,是,是,肾缺如,,,
肾强光点声像,"左肾散在强光点声像,右肾散在强光点声像",肾,肾脏超声,是,是,肾,强光点声像,,
肾囊肿,"右肾囊肿,左肾囊肿,肾囊肿,肾多发囊肿,肾多发性囊肿,肾小囊肿,肾钙乳化囊肿,肾钙乳囊肿,肾囊肿多发,左肾囊肿多发,右肾囊肿伴结石,肾多发囊肿可能,右肾囊肿多发,肾囊肿可能,右肾囊肿伴结晶,肾多发性囊肿可能",肾,肾脏超声,是,是,肾,囊肿,,
肾弥漫性病变,"肾弥漫性声像改变,肾弥漫性病变,左肾弥漫性病变,右肾弥漫性病变",肾,肾脏超声,是,是,弥漫性,肾,,
肾结石,"左肾结石,肾多发结石,肾尿盐沉积,肾散在强光点声像,肾泥沙样结石,肾结石,肾结石伴左肾积水,右肾结石伴右肾积水,左肾结石伴右肾积水,肾结石伴右肾积水,肾结石伴积水,左肾结石伴左肾积水,左肾结石多发,肾结石多发,右肾结石多发,右肾多发结石",肾,肾脏超声,是,是,肾,结石,,
肾结晶,"右肾多发结晶,肾结晶,左肾多发结晶,肾多发结晶,右肾结晶,右肾结石,左肾结晶,,肾结晶",肾,肾脏超声,是,是,肾,结晶,,
尿结晶,"尿结晶阳性,肾尿盐结晶,肾尿酸盐结晶,",,肾脏超声,,,,,,
肾小光点,肾小光点,,肾脏超声,,,,,,
肾小结,肾小结,,肾脏超声,,,,,,
肾积水,"肾中度积水,肾积水,肾轻度积水,肾重度积水,左肾重度积水,左肾轻度积水,左肾中度积水,右肾轻度积水,右肾重度积水,右肾中度积水",肾,肾脏超声,是,是,肾,积水,,
肾钙乳症,肾钙乳症,肾,肾脏超声,是,是,肾,钙乳症,,
肾钙化灶,"肾内钙化灶,肾钙化,肾钙化灶,左肾内钙化灶,右肾内钙化灶",肾,肾脏超声,是,是,肾,钙化灶,,
肾代偿性增大,"左肾代偿性增大可能,右肾代偿性增大",肾,肾脏超声,是,是,肾代偿性增大,,,
肾错构瘤,"肾错构瘤,右肾错构瘤,左肾错构瘤,左肾错构瘤可能",肾,肾脏超声,是,是,肾,构瘤,,
神经性耳聋,神经性耳聋,耳,,是,是,耳聋,,,
神经乳头生理凹陷扩大,"神经乳头生理凹陷扩大,眼视神经乳头生理凹陷扩大",眼,,是,是,神经乳头,凹陷扩大,,
上眼睑下垂,上眼睑下垂,眼,,是,是,上眼睑,下垂,,
上皮角化过度,上皮角化过度,皮肤,,是,是,角化,过度,,
上颌窦囊肿,上颌窦粘膜下囊肿,颌,,是,是,颌窦,囊肿,,
鼻窦炎,"上颌窦筛窦炎性改变,筛窦炎",鼻,,是,是,筛窦,炎,,
沙眼,沙眼,眼,,是,是,沙眼,,,
色弱,色弱,眼,,是,是,色弱,,,
色盲,色盲,眼,,是,是,色盲,,,
色觉异常,色觉异常,眼,,是,是,色觉,,,
散光,"怀疑右眼散光,怀疑左眼散光",眼,,是,是,散光,,,
三碘甲状腺原氨酸增高,"三碘甲状腺原氨酸增高,血清游离三碘甲状腺原氨酸增高",,,是,否,,,,
三碘甲状腺原氨酸降低,"三碘甲状腺原氨酸降低,血清游离三碘甲状腺原氨酸降低",,,是,否,,,,
腮腺炎,腮腺炎,腮,,是,是,腮腺炎,,,
弱视,弱视,眼,,是,是,弱视,,,
乳腺增生,"乳增,乳增生样改变,乳腺囊性增生,乳腺增生,乳腺小叶增生,乳腺轻度增生,乳腺退化不全部分增生,增生乳腺,乳腺增生伴侧囊肿,乳腺增生伴纤维腺瘤可能,乳腺结节样增生",乳腺,,是,是,乳腺,增生,,
乳腺异常回声,"乳腺低回声,乳腺内囊样回声,乳腺实性低回声",乳腺,,是,是,乳腺,低|内囊样,回声,
乳腺异常回声,乳腺回声不均匀,乳腺,,是,是,乳腺,回声,不均,
乳腺炎,乳腺炎,乳腺,,是,是,乳腺炎,,,
乳腺小叶增生,"小叶增生,小叶轻度增生,乳腺小叶增生伴乳结节,乳腺小叶轻度增生,乳腺小叶轻度增生可能,乳腺小叶增生,乳腺轻度小叶增生伴乳结节,乳腺轻度小叶增生伴乳纤维腺瘤,乳腺小叶增生伴乳纤维腺瘤,乳腺小叶",乳腺,,是,是,小叶|乳腺,增生,,
乳腺纤维瘤,"乳腺纤维瘤,乳腺纤维腺瘤",乳腺,,是,是,乳腺纤维,瘤,,
乳腺退化不全,"乳腺小叶退化不全,乳腺退化不全",乳腺,,是,是,乳腺,退化不全,,
乳腺体结构紊乱,"乳腺体结构稍紊乱,乳腺体结构紊乱",乳腺,,是,是,乳腺体结构,紊乱,,
乳腺切除术后,乳腺切除术后,乳腺,,是,是,,,,
乳腺囊肿,"乳囊,乳腺囊性,乳腺囊肿,乳腺小囊肿,双侧乳腺多发囊肿,侧乳腺囊肿可能,乳腺囊肿可能,乳腺囊肿多发,乳腺囊性占位",乳腺,,是,是,乳腺?,囊肿|象限肿块,,
乳腺肿物,"乳房象限肿物,乳腺肿物",,,,,,,,
乳腺包块,乳腺包块,,,,,,,,
乳腺脂肪瘤,"乳腺高回声结节多发考虑脂肪瘤,乳腺高回声结节考虑脂肪瘤,",,,,,,,,
乳腺纤维瘤,"考虑纤维腺瘤,乳腺结节多发考虑纤维腺瘤",,,,,,,,
乳腺结节,"乳低回声结节,乳囊性结节,乳外上象限低回声结节,乳多发低回声结节,乳结,乳腺1点位结节,乳腺低回声结节,乳腺多发结节,乳腺小结节,乳腺结节,乳腺高回声结节,右侧乳腺囊性结节,乳腺结节并钙化,乳腺结节伴钙化,",乳腺,,是,是,乳腺,结节,,
乳腺钙化,"乳多发钙化,乳腺钙化,乳钙化,部位侧乳腺钙化",乳腺,,是,是,乳腺,钙化,,
乳腺导管扩张,"乳腺导管扩张,乳腺局部导管扩张",乳腺,,是,是,乳腺,导管扩张,,
乳腺部分切除术后,乳腺部分切除术后,乳腺,,是,是,,,,
乳突区肿大,乳突区肿大,耳,,是,是,乳突区,肿大,,
乳头溢液,乳头溢液,乳房,,是,是,乳头溢液,,,
柔韧性差,柔韧性差,,,是,是,柔韧性差,,,
融合肾,"融合肾,融合肾马蹄形肾",肾,肾脏超声,是,是,融合肾,,,
马蹄肾,"马蹄形肾,融合肾马蹄形肾",肾,肾脏超声,,,,,,
日照性皮炎,日照性皮炎,皮肤,,是,是,日照性皮炎,,,
韧带钙化,"韧带部分钙化,韧带钙化,项韧带部分钙化",韧带,,是,是,韧带,钙化,,
人乳头瘤病毒（HPV）阳性,"hpv16型阳性,hpv18型阳性,hpv81弱阳性,hpv81阳性,hpv82阳性,hpv83低危型阳性,人乳头瘤病毒hpv阳性,人乳头瘤病毒hpv阳性hpv16型阳性,人类乳头状病毒检查,hpv18型弱阳性,hpvdna16型弱阳性,hpv16高危型弱阳性,hpv18高危型阳性,hpv11低危型阳性,hpv31高危型阳性,hpv67低危型弱阳性,hpv40低危型弱阳性,hpv6低危型弱阳性,hpv59高危型阳性,hpv52高危型阳性,hpv54低危型弱阳性,hpv53高危型弱阳性,hpv66高危型阳性,hpv73低危型阳性,hpv31高危型弱阳性,hpv44低危型弱阳性,hpv16型弱阳性,hpv33高危型弱阳性,hpv45高危型阳性,hpv53高危型阳性,hpv55低危型弱阳性,hpv51高危型阳性,hpv67低危型阳性,hpv39高危型阳性,hpv81低危型阳性,hpv42低危型弱阳性,hpv58高危型阳性,hpv40低危型阳性,hpv55低危型阳性,hpv81低危型弱阳性,hpv33高危型阳性,hpv43低危型弱阳性",,,是,否,,,,
人绒毛膜促性腺激素增高,"绒毛膜促性腺激素增高,β绒毛膜促性腺激素增高,人绒毛膜促性腺激素增高,妊娠试验hcg弱阳性,妊娠试验hcg阳性",,,是,否,,,,
缺血性视神经病变,缺血性视神经病变,眼,眼底检查,是,是,缺血性视神经病变,,,
全血铁增高,全血铁增高,,,是,否,,,,
全血铁降低,"全血铁降低,血铁偏低",,,是,否,,,,
龋齿,"龋齿,乳牙龋齿,龋坏",牙,,是,是,龋,,,
屈光不正,"屈光不正,左眼屈光度读数超过仪器检测范围,右眼屈光度读数超过仪器检测范围",眼,,是,是,屈光,不正,,
球蛋白增高,"球蛋白增高,血清球蛋白增高",,,是,否,,,,
球蛋白降低,"球蛋白降低,血清球蛋白降低",,,是,否,,,,
青光眼,青光眼,眼,眼底检查,是,是,青光眼,,,
羟丁酸脱氢酶增高,"羟丁酸脱氢酶增高,α羟丁酸脱氢酶增高",,,是,否,,,,
前牙反牙合,"前牙反牙合,前牙反牙合牙",牙,,是,是,前牙反牙合,,,
前庭大腺囊肿,"前庭大腺囊肿,阴道镜前庭大腺囊肿",外阴,,是,是,前庭大腺,囊肿,,
前列腺占位性病变,"前列腺占位性病变,前列腺实性占位",前列腺,,是,是,前列腺,占位,,
前列腺增生,"列腺略,前列腺1度增生,前列腺2度增生,前列腺中度增生,前列腺体积,前列腺增大,前列腺增生,前列腺轻度增生,前列腺重度增生,前列腺增生倾向",前列腺,,是,是,前列腺,增生,,
前列腺大,"前列腺稍大,前列腺肥大,前列腺肿大,前列腺增大,前列腺大,前列腺稍大,前列腺肥大,前列腺肿大,前列腺增大伴多发结节,前列腺长肿大结节",前列腺,,是,是,前列腺,大,,
前列腺炎,"慢性前列腺炎可能,前列腺炎",前列腺,,是,是,前列腺炎,,,
前列腺未显示,前列腺未显示,前列腺,,是,是,,,,
前列腺特异性抗原增高,"psa增高,前列腺特异性抗原增高,前列腺特异性抗原定量增高,游离前列腺特异性抗原偏高,前列腺特异性抗原psa增高,游离前列腺特异性抗原c12偏高",,,是,否,,,,
前列腺囊肿,前列腺囊肿,前列腺,,是,是,前列腺,囊肿,,
前列腺结石,"前列腺多发性结石,前列腺结石,前列腺结石前列腺硬结",前列腺,,是,是,前列腺,结石,,
前列腺结节,"前列腺增大伴多发结节,前列腺长肿大结节",,,,,,,,
前列腺回声异常,"前列腺回声异常,前列腺回声欠均匀,前列腺异常回声",前列腺,,是,是,前列腺,回声欠均|异常回声,,
前列腺钙化灶,"前列腺增大并钙化,前列腺增生伴钙化,前列腺增生伴钙化斑,前列腺增生并钙化,前列腺多发钙化,前列腺局灶性钙化,前列腺局部钙化,前列腺稍大伴多发钙化,前列腺稍大伴钙化,前列腺稍大并钙化,前列腺钙化,前列腺钙化斑,前列腺钙化灶,前列腺稍大伴多发钙化灶",前列腺,,是,是,前列腺,钙化,,
甲状腺钙化,甲状腺钙化灶,,,,,,,,
前列腺部分切除术后,前列腺部分切除术后,前列腺,,是,是,,,,
气管受压,气管移动及受压,气管,,是,是,气管,受压,,
脐带绕颈,脐带绕颈,脐带,,否,是,脐带绕颈,,,
平均血小板体积增高,"平均血小板体积偏高,平均血小板体积增高,血小板平均体积五分类mpv增高",,,是,否,,,,
平均血小板体积降低,"平均血小板体积降低,血小板平均体积五分类mpv降低",,,是,否,,,,
平均血红蛋白含量增高,"平均红细胞血红蛋白量增高,平均血红蛋白含量五分类mch增高,平均血红蛋白量增高",,,是,否,,,,
平均血红蛋白含量降低,"平均血红蛋白含量五分类mch降低,平均血红蛋白量减少",,,是,否,,,,
平均红细胞血红蛋白浓度增高,"平均红细胞血红蛋白浓度增高,平均血红蛋白浓度五分类mchc增高",,,是,否,,,,
平均红细胞血红蛋白浓度降低,"平均红细胞血红蛋白浓度偏低,平均红细胞血红蛋白浓度降低,平均血红蛋白浓度五分类mchc降低",,,是,否,,,,
平均红细胞血红蛋白量增高,"平均红细胞血红蛋白量偏高,平均红细胞血红蛋白量增高",,,是,否,,,,
平均红细胞血红蛋白量降低,"平均红细胞血红蛋白量偏低,平均红细胞血红蛋白量降低",,,是,否,,,,
平均红细胞体积增高,"平均红细胞体积增高,红细胞平均体积五分类mcv增高",,,是,否,,,,
平均红细胞体积降低,"平均红细胞体积减低,平均红细胞体积降低,红细胞平均体积五分类mcv降低",,,是,否,,,,
脾大,"脾大,脾略大,脾肿大,脾脏增大",脾,,是,是,脾脏,,,
脾脏未探及,脾脏未探及,脾,,是,是,,,,
脾血管瘤,脾血管瘤,脾,,是,是,脾,血管瘤,,
脾内回声异常,脾内高回声,脾,,是,是,脾,高回声,,
脾囊肿,脾囊肿,脾,,是,是,脾,囊肿,,
脾厚,"脾厚,脾脏增厚",脾,,是,是,脾,厚,,
脾钙化灶,"脾内钙化斑多发,脾内钙化灶,脾钙化灶",脾,,是,是,脾,钙化,,
皮脂腺囊肿,"皮脂囊肿,,皮脂腺囊肿",皮肤,,是,是,皮脂,囊肿,,
皮疹,皮疹,皮肤,,是,是,皮疹,,,
皮肤真菌感染,"体癣,头癣,手甲癣,手癣,灰指甲,皮癣,皮肤真菌感染,股癣,臋癣,足癣,手甲癣灰指甲",皮肤,,是,是,癣,,,
荨麻疹,"荨麻疹,皮肤荨麻疹",皮肤,,是,是,荨麻疹,,,
湿疹,"湿疹,皮肤湿疹,耳廓皮肤湿疹,耳道湿疹",皮肤,,是,是,湿疹,,,
皮肤丘疹,"丘疹,皮肤丘疹,皮肤斑丘疹",皮肤,,是,是,丘疹,,,
皮肤玫瑰疹,"玫瑰疹,皮肤玫瑰疹",皮肤,,是,是,玫瑰疹,,,
皮肤黄染,皮肤黄染,皮肤,,是,是,皮肤黄染,,,
皮肤划痕异常,皮肤划痕异常,皮肤,,是,是,皮肤划痕异常,,,
斑疹,"斑丘疹,斑疹,皮肤斑疹",皮肤,,是,是,斑疹,,,
盆腔肿块,"盆腔包块,盆腔肿块",盆腔,,是,是,盆腔,块,,
盆腔占位,盆腔占位,盆腔,,是,是,盆腔,占位,,
盆腔积液,"盆腔少量积液,盆腔积液",盆腔,,是,是,盆腔,积液,,
膀胱占位性病变,"膀胱占位性病变,,膀胱实性占位",膀胱,肾脏超声,是,是,膀胱,占位,,
膀胱异常回声,"膀胱异常回声,膀胱炎性回声改变,膀胱壁隆起性病变或膀胱异常回声",膀胱,肾脏超声,是,是,膀胱,异常回声|回声|无回声,|改变,
膀胱憩室,膀胱憩室,膀胱,肾脏超声,是,是,膀胱憩室,,,
膀胱结石,"膀胱结石,膀胱结石多发",膀胱,肾脏超声,是,是,膀胱,结石,,
膀胱壁增厚,膀胱壁局限性增厚,膀胱,肾脏超声,是,是,膀胱壁,增厚,,
膀胱壁小梁小房形成,膀胱壁小梁小房形成,膀胱,肾脏超声,是,是,膀胱壁小梁小房形成,,,
盘状瘢痕,盘状瘢痕,眼,,是,是,盘状瘢痕,,,
颞下颌关节异常,"颞下颌关节,颞颌关节,颞下颌关节耳前区疼痛,颞下颌关节运动时关节区有弹响,颞下颌关节张闭口受限,颞下颌关节疾患",口,,是,是,颞下颌关节,谈响|受限|疼痛|疾患,,
颞颌关节功能紊乱,颞颌关节功能紊乱,口,,是,是,颞颌关节功能紊乱,,,
尿隐血阳性,"尿潜血,尿隐血,尿隐血弱阳性,尿隐血阳性",,,是,否,,,,
尿亚硝酸盐阳性,"尿亚硝酸盐弱阳性,尿亚硝酸盐阳性",,,是,否,,,,
尿微量白蛋白增高,尿微量白蛋白增高,,,是,否,,,,
尿酮体阳性,"尿酮体弱阳性,尿酮体阳性,尿酮体ket阳性,尿酮体ket弱阳性",,,是,否,,,,
尿酸碱度增高,"尿酸碱度增高,血清尿酸增高",,,是,否,,,,
尿酸碱度降低,尿酸碱度降低,,,是,否,,,,
尿素氮增高,"尿素氮偏高,尿素氮升高,尿素氮增高,尿素氮轻度增高,血清尿素氮增高,血清尿素增高",,,是,否,,,,
尿素氮降低,"尿素氮偏低,尿素氮降低,血清尿素氮偏低",,,是,否,,,,
尿葡萄糖阳性,"尿葡萄糖,尿葡萄糖弱阳性,尿葡萄糖阳性,缺齿尿葡萄糖阳性",,,是,否,,,,
尿结晶(阳性),尿结晶(阳性),,,是,否,,,,
尿红细胞镜检增高,尿红细胞镜检增高,,,是,否,,,,
尿碘偏高,尿碘偏高,,,是,否,,,,
尿道口炎症,尿道口炎症,尿道口,,是,是,尿道口炎症,,,
尿蛋白质阳性,"尿蛋白质弱阳性,尿蛋白质阳性,尿蛋白阳性",,,是,否,,,,
尿胆原阳性,"尿胆原弱阳性,尿胆原阳性",,,是,否,,,,
尿胆红素阳性,尿胆红素阳性,,,是,否,,,,
尿胆红素弱阳性,尿胆红素弱阳性,,,,,,,,
尿比重增高,尿比重增高,,,是,否,,,,
尿比重降低,"尿比重减低,尿比重降低",,,是,否,,,,
尿白细胞增高,"尿白细胞增高,尿白细胞弱阳性,尿白细胞镜检增高,尿白细胞阳性,尿白细胞leu阳性,尿白细胞leu弱阳性,白细胞镜检偏高",,,是,否,,,,
尿α1-微球蛋白 增高,尿α2-微球蛋白 增高,,,是,否,,,,
尿ACR测定阳性,"尿acr测定阳性,尿微量白蛋白尿肌酐比值acr增高",,,是,否,,,,
脑萎缩,"脑萎缩,脑萎缩改变",脑,,是,是,脑萎缩,,,
脑膜瘤,脑膜瘤,脑,,是,是,脑膜瘤,,,
脑积水,脑积水,脑,,是,是,脑,积水,,
脑供血不足,脑供血不足,脑,,是,是,脑,供血不足,,
脑梗塞,"丘脑腔隙性梗塞灶,基底节区多发腔隙灶,基底节区脑室旁及半卵圆中心多发腔隙灶,基底节区脑室旁及半卵圆中心多发腔隙灶丘脑腔隙性梗塞灶,基底节区腔隙灶,脑干梗塞,脑梗塞,多发腔隙性脑梗塞脑软化灶,多发脑梗塞伴软化灶形成,双侧侧脑室旁脑白质脱髓鞘改变,多发腔隙性脑梗塞脑白质缺血,脑软化灶,脑腔隙灶,腔隙性脑梗塞,ct基底节区腔隙性脑梗塞,多发腔隙性脑梗塞",脑,,是,是,脑,梗塞,,
脑动脉血流速度增快,"脑动脉血流速度增快,tcd检查大脑动脉血流速度增快,tcd检查脑椎基底动脉血管弹性减低所检脑动脉血流速度略增快,tcd检查大脑部位动脉血流速度增快",脑,颈动脉超声,是,是,"脑.{0,3}动脉",血流速度,快,
脑动脉血流速度异常,"脑前动脉血流速度异常,tcd检查大脑中动脉颈内动脉末端大脑前动脉血流速度异常,",,颈动脉超声,,,,,,
脑动脉血流速度减慢,"脑动脉血流速度减慢,tcd检查脑动脉血流速度减慢,tcd检查大脑动脉血流速度减慢,tcd检查大脑部位动脉血流速度减慢",脑,颈动脉超声,是,是,"脑.{0,3}动脉",血流速度,慢,
脑动脉血流速度不对称,"脑动脉血流速度不对称,tcd检查大脑动脉血流速度不对称",脑,颈动脉超声,是,是,"脑.{0,3}动脉",血流速度,不对称,
囊肿、肿瘤,囊肿肿瘤,全身,,是,是,,,,
囊肿,囊肿,全身,,是,是,,,,
踇外翻,踇外翻,足,,是,是,踇外翻,,,
棉絮斑,棉絮斑,眼,,是,是,棉絮斑,,,
迷走右锁骨下动脉,迷走右锁骨下动脉,动脉,,是,是,迷走右锁骨下动脉,,,
霉菌,"霉菌,霉菌阳性,霉菌弱阳性",生殖器,,是,是,霉菌,,,
慢性胰腺炎,慢性胰腺炎,胰,,是,是,慢性胰腺炎,,,
慢性咽炎,"口咽黏膜充血,咽炎可能,咽部滤泡组织增生,慢性咽喉炎,慢性咽炎",咽,,是,是,咽,炎|充血,,
鼻咽黏膜出血,鼻咽黏膜出血,,,,,,,,
脉压增宽,脉压增宽,心,,是,是,脉压,增宽,,
脉络膜萎缩,"脉络膜局限萎缩,脉络膜萎缩,近视性视网膜脉络膜局限萎缩,近视性视網膜脉络膜局限萎缩",眼,,是,是,脉络膜,萎缩,,
卵巢占位性病变,"卵巢占位性病变,卵巢混合性占位病变,右侧卵巢占位性病变,左侧卵巢占位性病变",卵巢,,是,是,卵巢,占位,,
卵巢增大,"卵巢增大,左侧卵巢增大,右侧卵巢增大",卵巢,,是,是,卵巢,增大,,
卵巢囊肿,"卵巢囊性图像,卵巢囊肿,卵巢巧克力囊肿,卵巢肿块,卵巢巧克力囊肿可能,卵巢囊肿可能,左侧卵巢囊肿,右侧卵巢囊肿,左侧卵巢巧克力囊肿,右侧卵巢巧克力囊肿,多囊卵巢",卵巢,,是,是,卵巢,囊肿,,
卵巢畸胎瘤,"卵巢畸胎瘤,部位侧附件包块考虑卵巢畸胎瘤,卵巢畸胎瘤可能",卵巢,,是,是,卵巢,畸胎瘤,,
颅内核磁异常信号,颅内核磁异常信号,脑,,是,是,颅内,核磁异常信号,,
颅内钙化灶,颅内钙化灶,脑,,是,是,颅内,钙化,,
颅内动脉瘤,颅内动脉瘤,脑,,是,是,颅内,动脉瘤,,
牙周异常,"牙周炎,牙周脓肿,牙周袋,牙根尖周炎",,,是,是,瘘管,,,
牙龈异常,"牙龈增生,牙龈水肿,牙龈炎,牙龈萎缩",,,,,,,,
瘘管,"牙龈龈瘘,瘘管龈瘘",,,,,,,,
鳞状细胞癌抗原增高,"scc鳞状细胞癌抗原增高,鳞状细胞癌抗原scc增高,scc鳞状细胞癌抗原偏高",,,是,否,,,,
鳞状上皮炎症反应性改变,鳞状上皮炎症反应性改变,宫颈,,是,是,鳞状上皮炎症反应性改变,,,
淋巴细胞值增高,"淋巴细胞值五分类lym增高,淋巴细胞值增高,淋巴细胞绝对值增高,淋巴细胞百分率偏高,淋巴细胞百分率增高",,,是,否,,,,
淋巴细胞值降低,"淋巴细胞值五分类lym降低,淋巴细胞值降低,淋巴细胞绝对值降低,淋巴细胞百分率降低",,,是,否,,,,
淋巴细胞百分率偏高,"淋巴细胞百分比升高,淋巴细胞百分比增高,淋巴细胞百分率升高,淋巴细胞百分率增高,淋巴细胞百分率偏高",,,是,否,,,,
淋巴细胞百分率降低,淋巴细胞百分率降低,,,是,否,,,,
类风湿性关节炎,类风湿性关节炎,骨,,是,是,类风湿性关节炎,,,
肋骨肿瘤,"肋骨肿瘤样病变,肋骨良性肿瘤",骨,,是,是,肋骨,肿瘤,,
肋骨畸形,"肋骨叉状畸形,肋骨畸形",骨,,是,是,肋骨,畸形,,
肋膈角变钝,肋膈角变钝,胸,,是,是,肋膈角变钝,,,
雷诺综合征,雷诺综合征,四肢,,是,是,雷诺综合,,,
口腔纤维化样变,口腔纤维化样变,口,,是,是,口腔,纤维化样变,,
口腔黏膜糜烂,口腔黏膜糜烂,口,,是,是,口腔黏膜,糜烂,,
口腔囊肿,口腔囊肿,口,,是,是,口腔,囊肿,,
口腔白班,"口腔白斑,口腔黏膜白斑",口,,是,是,口腔,白斑,,
口腔疾病,口腔疾病,,,,,,,,
口腔黏膜,口腔黏膜,,,,,,,,
口角炎,"口角炎,口炎",口,,是,是,口角炎,,,
口疮,"口疮,复发性口疮",口,,是,是,口疮,,,
空腹血糖增高,"空腹血糖升高,空腹血糖增高,空腹血糖高,血糖空腹偏高",,,是,否,,,,
空腹血糖受损,"空腹血糖受损,空腹血糖调节受损",,,是,是,血糖,受损,,
空腹血糖降低,空腹血糖降低,,,是,否,,,,
抗胰岛素抗体阳性,"抗胰岛素抗体弱阳性,抗胰岛素抗体阳性,抗胰岛细胞抗体阳性,胰岛素抗体阳性",,,是,否,,,,
抗甲状腺过氧化物酶增高,抗甲状腺过氧化物酶抗体偏高,,,是,否,,,,
抗O增高,"抗o增高,抗链球菌溶血素oaso增高",,,是,否,,,,
抗EB病毒,"抗eb病毒,抗eb病毒iggebveaigg阳性,抗eb病毒抗体vcaiga阳性,抗eb病毒igaebveaiga弱阳性,抗eb病毒抗体vcaiga弱阳性,抗eb病毒igaebveaiga阳性",,,是,否,,,,
绝经期子宫,"绝经后子宫,,绝经期子宫",子宫,,是,是,绝经期子宫,,,
绝经后子宫,绝经后子宫,子宫,,是,是,绝经后子宫,,,
巨细胞病毒阳性,"巨细胞病毒感染中,巨细胞病毒抗体igg弱阳性,巨细胞病毒抗体igg阳性,巨细胞病毒抗体igm弱阳性,巨细胞病毒抗体igm阳性",,,是,否,,,,
静脉血栓,"下肢浅静脉血栓,下肢深静脉血栓,下肢浅静脉血栓形成,下肢深静脉血栓形成",静脉,,是,是,静脉血栓,,,
静脉闭锁,静脉闭锁,静脉,,是,是,静脉闭锁,,,
颈椎纵韧带钙化,颈椎纵韧带钙化,颈椎,,是,是,颈椎,韧带钙化,,
颈椎椎体向前移位,颈椎椎体向前移位,颈椎,,是,是,颈椎椎体向前移位,,,
颈椎竹节样,颈椎竹节样,颈椎,,是,是,颈椎,竹节样,,
颈椎退行性变,"颈椎退行性变,颈椎退行性变可能",颈椎,,是,是,颈椎,退行性变,,
颈椎曲度变直,"颈椎曲度变直,颈椎生理曲度变直",颈椎,,是,是,颈椎,曲度变直,,
颈椎间隙狭窄,颈椎间隙狭窄,颈椎,,是,是,颈椎间隙,狭窄,,
颈椎间盘突出,"颈椎间盘突出,颈椎间盘膨隆突出",颈椎,,是,是,颈椎间,突出,,
颈椎骨质增生,"颈椎骨质增生,颈椎钩突关节增生",颈椎,,是,是,颈椎,增生,,
颈椎侧弯,颈椎侧弯,颈椎,,是,是,颈椎,侧弯,,
颈椎病,"颈椎病可能,颈椎病,颈椎病颈椎退行性改变",颈椎,,是,是,颈椎病,,,
颈椎,颈椎,,,,,,,,
颈淋巴结肿大,颈淋巴结肿大,淋巴结,,是,是,颈,淋巴结肿大,,
颈淋巴结结核,颈淋巴结结核,淋巴结,,是,是,颈,淋巴结结核,,
颈肩痛,"肩关节痛,颈肩痛",颈,,是,是,颈,痛,,
颈动脉血流速度减慢,"颈内动脉血流速度减慢,颈动脉血流速度减慢,tcd检查颈内动脉血流速度减慢",颈动脉,颈动脉超声,是,是,颈动脉,血流速度,慢,
颈动脉血流速度不对称,"颈内动脉血流速度不对称,颈动脉血流速度不对称,tcd检查颈动脉血流速度不对称,tcd检查颈内动脉血流速度不对称",脑,颈动脉超声,是,是,颈动脉,血流速度,不对称|慢|快,
血管狭窄,"血管狭窄,颈动脉官腔狭窄,颈动脉狭窄,颈动脉狭窄轻度,颈动脉狭窄中度,颈动脉狭窄重度,提示血管狭窄可能,动脉硬化检测血管狭窄可能,tcd提示血管狭窄,tcd提示明显血管狭窄,动脉硬化检测血管狭窄可能",颈动脉,颈动脉超声,是,是,颈动脉,狭窄,,
颈动脉内膜增厚,"动脉血管内中膜增厚,双侧颈动脉内膜to中膜增厚,颈动脉内膜中膜增厚,颈动脉内膜增厚,颈总动脉内中膜增厚,颈总动脉内膜,颈总动脉内膜粗糙内中膜增厚,颈部动脉内膜增厚,双侧颈动脉内膜中膜增厚,颈总动脉内中膜增厚并粥样硬化斑块",颈动脉,颈动脉超声,是,是,颈动脉,内膜,增厚,
颈动脉闭塞,"颈动脉闭塞,颈总动脉中度闭塞,颈总动脉轻度闭塞,颈动脉闭塞轻度",动脉,颈动脉超声,是,是,颈.?动脉,闭塞|.?度狭窄,,
颈动脉斑块,"颈动脉斑块,颈动脉硬化斑块,颈动脉粥样硬化伴斑块,颈动脉粥样硬化多发斑块,颈动脉粥样硬化斑块,颈总动脉斑块,颈总动脉斑块硬斑,颈总动脉斑块软斑,颈动脉粥样硬化多发斑块并狭窄,颈动脉粥样硬化伴斑块形成,颈总动脉内中膜增厚并粥样硬化斑块",颈动脉,颈动脉超声,是,是,颈动脉,斑块,,
颈部肿块,颈部肿块,颈,,是,是,颈部,肿块,,
精索静脉曲张,精索静脉曲张,睾丸,,是,是,精索静脉,曲张,,
晶状体浑浊,"晶状体局限性浑浊,晶状体浑浊,晶状体点状浑浊",眼,眼底检查,是,是,晶状体,浊,,
晶状体色素沉着,"晶体表面色素沉着,晶状体表面色素沉着,眼晶状体色素沉着",眼,,是,是,晶状体,色素沉着,,
晶体后囊密度增高,晶体后囊密度增高,眼,眼底检查,是,是,晶体后囊密度,增高,,
近视,"乳头颞侧视网膜弧形斑近视性,近视,高度近视,高度近视眼底,高度近视眼,眼高度近视眼底,怀疑右眼近视,怀疑左眼近视,近视性视网膜脉络膜局限萎缩,近视性视網膜脉络膜局限萎缩,视乳头颞侧视网膜弧形斑近视性",眼,,是,是,近视,,,
视网膜脉络膜局限萎缩,"近视性视网膜脉络膜局限萎缩,近视性视網膜脉络膜局限萎缩,",,,,,,,,
翼状胬肉,"翼状胬肉,假性翼状胬肉,结膜假性翼状胬肉,结膜翼状胬肉",眼,,是,是,翼状胬肉,,,
结膜炎,"结膜炎,球结膜炎",眼,,是,是,结膜炎,,,
结膜下局限性结缔组织增生,结膜下局限性结缔组织增生,眼,,是,是,结膜下局限性结缔组织增生,,,
结膜水肿,结膜水肿,眼,,是,是,结膜,水肿,,
结膜色素斑,结膜色素斑,眼,,是,是,结膜色素斑,,,
结膜囊肿,结膜囊肿,眼,,是,是,结膜,囊肿,,
结膜裂斑,结膜裂斑,眼,眼底检查,是,是,结膜,裂斑,,
结核抗体阳性,"结核抗体弱阳性,结核抗体阳性",,,是,否,,,,
角质蛋白18 增高,角质蛋白19 增高,,,是,否,,,,
角膜云翳,"角膜云翳,角膜斑翳,眼角膜云翳,眼角膜斑翳",眼,,是,是,角膜,翳,,
角膜炎,"角膜炎,眼角膜炎",眼,,是,是,角膜炎,,,
角膜新生血管,"角膜新生血管,眼角膜新生血管",眼,,是,是,角膜,新生血管,,
角膜上皮脱落,"角膜上皮脱落,眼角膜上皮脱落",眼,,是,是,角膜,上皮脱落,,
角膜老年环,"角膜老年环,眼角膜老年环",眼,,是,是,角膜老年环,,,
角膜后色素沉着,"角膜后kp,角膜后色素沉着,眼角膜后kp",眼,,是,是,角膜后,色素沉着|KP,,
角膜白斑,角膜白斑,眼,,是,是,角膜白斑,,,
交界性心律,"交界性心律,交界性早搏,交界性逸搏,心电图交界性逸搏心律,心电图交界性早搏,心电图交界性逸搏",心,心电图,是,是,交界性,,,
腱鞘炎,"腱鞘炎,狭窄性腱鞘炎",腱鞘,,是,是,腱鞘炎,,,
腱鞘囊肿,腱鞘囊肿,关节部,,是,是,腱鞘,囊肿,,
睑缘炎,"睑缘炎,眼睑睑缘炎",眼,,是,是,睑缘炎,,,
肩周炎,"肩关节周围炎,肩周炎,肩周炎可能",肩,,是,是,肩,周炎,,
间接胆红素增高,"间接胆红素偏高,间接胆红素增高,间接胆红素轻度增高,血清间接胆红素偏高",,,是,否,,,,
间接胆红素降低,"间接胆红素偏低,血清间接胆红素偏低",,,是,否,,,,
尖样瞳孔,"尖样瞳孔,眼针尖样瞳孔",眼,,是,是,尖样,瞳孔,,
尖瓣狭窄,二尖瓣狭窄,心,心脏超声,是,是,尖瓣,狭窄,,
尖瓣脱垂,二尖瓣脱垂,心,心脏超声,是,是,尖瓣,脱垂,,
尖瓣关闭不全,二尖瓣关闭不全,心,心脏超声,是,是,尖瓣,关闭不全,,
尖瓣,尖瓣,,心脏超声,,,,,,
尖瓣钙化,二尖瓣钙化,心,心脏超声,是,是,尖瓣,钙化,,
尖瓣反流,"二尖瓣反流中度,三尖瓣反流重度,二尖瓣反流重度,三尖瓣反流轻度,二尖瓣反流轻度,三尖瓣反流中度,三尖瓣反流,二尖瓣反流",心,心脏超声,是,是,尖瓣,反流,,
假体植入术后,假体植入术后,,,是,是,,,,
甲状腺肿大,"甲状腺1度肿大,甲状腺单纯性肿大,甲状腺增大,甲状腺弥漫性增大,甲状腺略大,甲状腺肿,甲状腺肿物,单纯性甲状腺肿大,结节性甲状腺肿,甲状腺肿大,弥漫性甲状腺肿大,单纯性甲状腺肿",甲状腺,,是,是,甲状腺,肿,,
甲状腺占位性病变,"甲状腺囊性占位,甲状腺实性占位,甲状腺混合性占位",甲状腺,,是,是,甲状腺,占位,,
甲状腺增大,"甲状腺增大,甲状腺弥漫性增大,甲状腺略大",甲状腺,,是,是,甲状腺,大,,
甲状腺炎,甲状腺炎,甲状腺,,是,是,甲状腺炎,,,
甲状腺腺瘤,"甲状腺腺瘤,甲状腺右侧叶腺瘤",甲状腺,,是,是,甲状腺,腺瘤,,
甲状腺未探及,甲状腺未探及,甲状腺,,是,是,,,,
血清促甲状腺素增高,血清促甲状腺激素增高,,,是,否,,,,
血清促甲状腺激素降,血清促甲状腺激素降,,,,,,,,
甲状腺素降低,"甲状腺素降低,血清游离甲状腺素降低,低血清甲状腺素降低",,,是,否,,,,
甲状腺球蛋白增高,"甲状腺球蛋白增高,甲状腺球蛋白tg偏高",,,是,否,甲状腺,球蛋白,高,
甲状腺球蛋白抗体增高,"甲状腺球蛋白抗体增高,抗甲状腺球蛋白抗体增高",,,是,否,,,,
甲状腺球蛋白降低,甲状腺球蛋白tg偏低,,,是,否,甲状腺,球蛋白,低,
甲状腺囊肿,"甲状腺囊肿,甲状腺囊肿多发",甲状腺,,是,是,甲状腺,囊肿,,
甲状旁腺囊肿,"甲状腺旁腺囊肿,甲状旁腺囊肿",,,,,,,,
甲状腺弥漫性病变,"甲状腺双侧叶弥漫性病变,甲状腺弥漫性病变",甲状腺,,是,是,甲状腺,弥漫,,
甲状腺结节,"右侧甲状腺低回声结节,甲状腺双侧叶多发结节,甲状腺双侧叶结节,甲状腺双叶低回声结节,甲状腺双叶囊性结节,甲状腺双叶实性结节,甲状腺右侧叶低回声结节,甲状腺右侧叶囊性结节,甲状腺右侧叶结节,甲状腺右叶低回声结节,甲状腺右叶囊实性结节,甲状腺右叶囊性结节,甲状腺右叶实性结节,甲状腺右叶等回声结节,甲状腺右叶结节,甲状腺囊实性结节,甲状腺囊实性结节多发,甲状腺囊性结节,甲状腺多发囊性结节,甲状腺多发结节,甲状腺实性结节,甲状腺实性结节甲状腺峡部结节,甲状腺峡部混合性结节,甲状腺峡部结节,甲状腺左侧叶低回声结节,甲状腺左侧叶囊性结节,甲状腺左侧叶实质中份胶质结节,甲状腺左侧叶结节,甲状腺左叶低回声结节,甲状腺左叶囊实性结节,甲状腺左叶囊性结节,甲状腺左叶实性结节,甲状腺左叶等回声结节,甲状腺左叶结节,甲状腺弥漫性病变伴双侧叶结节,甲状腺混合性结节,甲状腺疑似结节,甲状腺结节,甲状腺结节多发,结节性甲状腺肿,甲状囊性结节,残余甲状腺结节,甲状腺结节伴钙化",甲状腺,,是,是,甲状腺,结节,,
甲状腺结合蛋白增高,甲状腺结合蛋白增高,,,是,否,,,,
甲状腺结合蛋白降低,甲状腺结合蛋白降低,,,是,否,,,,
甲状腺机能减退,"甲减趋势,甲状腺机能减退",甲状腺,,是,是,甲,减,,
甲状腺回声异常,"甲状腺双侧叶回声欠均,甲状腺双侧叶实质回声欠均,甲状腺双侧叶实质回声欠均声像,甲状腺双侧叶实质回声稍欠均,甲状腺囊性回声,甲状腺回声不均,甲状腺回声不均匀,甲状腺回声弥漫性改变,甲状腺回声欠均,甲状腺片状低回声区,甲状腺腺体回声不均,甲状腺腺体回声增粗",甲状腺,,是,是,甲状腺,异常回声|回声,欠均|改变|低|增粗|不均,
甲状腺钙化,"甲状腺钙化灶,甲状腺囊性占位伴钙化,甲状腺结节伴钙化",甲状腺,,是,是,甲状腺,钙化,,
甲状腺次全切除术后,甲状腺次全切除术后,甲状腺,,是,是,,,,
甲状旁腺结节,"甲状旁腺结节,甲状旁腺结节可能",甲状腺,,是,是,甲状旁腺,结节,,
甲胎蛋白增高,"afp增高,甲胎蛋白增高,甲胎蛋白定性弱阳性,甲胎蛋白定性阳性,甲胎蛋白afp定性弱阳性,甲胎蛋白afp定性阳性,甲胎蛋白afp增高",,,是,否,,,,
甲亢,"甲亢,甲状腺功能亢进,",甲状腺,,是,是,甲,亢,,
甲肝病毒IgM阳性,"甲肝病毒igm弱阳性,甲肝病毒igm阳性",,,是,否,,,,
脊柱侧弯,"脊柱侧凸,脊柱侧弯,脊柱右凸,脊柱向右侧凸弯,脊柱部位侧凸",脊柱,,是,是,脊柱,弯|凸,,
急性咽炎,急性咽炎,咽,,是,是,急性咽炎,,,咽炎
基底动脉血流速度快,基底动脉血流速度快,脑,颈动脉超声,是,是,,,,
基底动脉血流速度减慢,"基底动脉血流速度减慢,tcd检查椎基底动脉血流速度减慢,tcd检查基底动脉血流速度慢",脑,颈动脉超声,是,是,基底动脉,血流速度,慢,
基底动脉血流速度不对称,"基底动脉血流速度不对称,tcd检查椎基底动脉系统搏动性供血量不对称,tcd检查椎基底动脉血流速度不对称",动脉,颈动脉超声,是,是,,,,
肌腺瘤,肌腺瘤,子宫,,是,是,肌腺瘤,,,
肌酸激酶增高,肌酸激酶增高,,,是,否,,,,
肌酸激酶降低,肌酸激酶偏低,,,是,否,,,,
肌酸激酶同功酶增高,肌酸激酶同功酶增高,,,,,,,,
血清肌酐增高,"肌酐增高,血清肌酐增高",,,是,否,,,,
血清肌酐降低,"肌酐偏低,肌酐降低,血清肌酐偏低,",,,是,否,,,,
尿肌酐增高,"尿肌酐增高,肌酐增高",,,,,,,,
尿肌酐降低,"肌酐偏低,肌酐降低",,,,,,,,
尿微量白蛋白尿肌酐比值acr增高,尿微量白蛋白尿肌酐比值acr增高,,,,,,,,
肌钙蛋白 T 增高,肌钙蛋白 T 增高,,,是,否,,,,
会阴旧裂,会阴旧裂,阴道,,是,是,会阴旧裂,,,
回奶期乳腺,回奶期乳腺,乳腺,,是,是,回奶期乳腺,,,
黄斑中心反光异常,"黄斑中心反光暗淡,黄斑中心光反射消失",眼,,是,是,黄斑,反光,,
黄斑色素紊乱,黄斑色素紊乱,眼,,是,是,黄斑,色素紊乱,,
黄斑裂孔,黄斑裂孔,眼,,是,是,黄斑,裂孔,,
黄斑出血,黄斑出血,眼,,是,是,黄斑,出血,,
黄斑病变,"黄斑中心光反射消失,黄斑中心反光暗淡,黄斑出血,黄斑变性,黄斑病变,黄斑色素紊乱,黄斑裂孔,眼黄斑病变",眼,,是,是,黄斑,病变,,
黄斑变性,"黄斑变性,老年黄斑变性,眼黄斑变性",眼,,是,是,黄斑,变性,,
踝关节痛,踝关节痛,骨,,是,是,踝关节痛,,,
化脓性皮肤病,化脓性皮肤病,皮肤,,是,是,化脓性皮肤病,,,
呼吸音消失,呼吸音消失,胸,,是,是,呼吸音,消失,,
呼吸音减弱,"呼吸音减弱,呼吸音消失",肺,,是,是,呼吸音?,减弱,,
呼吸音异常,"呼吸音异常,呼吸音粗,呼吸音粗糙",肺,,是,是,呼吸音?,粗,,
喉炎,"喉炎,慢性喉炎",咽,,是,是,喉炎,,,
虹膜异常,"瞳孔虹膜残膜,虹膜后粘连,虹膜局部缺损,虹膜异常,虹膜血管增生,眼虹膜局部缺损,眼瞳孔虹膜残膜",眼,,是,是,虹膜,增生|缺损|粘连|残膜,,
虹睫炎,"虹睫炎,眼陈旧性虹睫炎,陈旧性虹睫炎",眼,,是,是,虹睫炎,,,
红细胞压积增高,"红细胞压积五分类hct增高,红细胞压积增高",,,是,否,,,,
红细胞压积降低,"红细胞压积五分类hct降低,红细胞压积降低",,,是,否,,,,
红细胞体积增高,"平均红细胞体积增高,红细胞平均体积五分类mcv增高",,,,,,,,
红细胞体积降低,"平均红细胞体积降低,红细胞平均体积五分类mcv降低",,,,,,,,
红细胞体积分布宽度增高,红细胞体积分布宽度标准差偏高,,,是,否,,,,
红细胞体积分布宽度降低,红细胞体积分布宽度标准差偏低,,,是,否,,,,
红细胞计数增高,"红细胞总数五分类rbc增高,红细胞计数增高",,,是,否,,,,
红细胞计数降低,"科红细胞总数减低,红细胞总数五分类rbc降低,红细胞计数rbc偏低,红细胞计数降低",,,是,否,,,,
红细胞分布宽度增高,"红细胞分布宽度变异系数增高,红细胞分布宽度增高,红细胞分布宽度标准偏差增高",,,是,否,,,,
红细胞分布宽度降低,"红细胞分布宽度变异系数降低,红细胞分布宽度标准偏差降低",,,是,否,,,,
横膈抬高,"横膈局限性隆起,横膈抬高,膈抬高",肺,,是,是,膈,抬高|隆起,,
颌下淋巴结肿大,颌下淋巴结肿大,淋巴结,,是,是,颌下,淋巴结肿大,,
颌下淋巴结,颌下淋巴结,,,,,,,,
海绵状血管瘤,海绵状血管瘤,血管,,是,是,海绵状血管瘤,,,
海绵肾,海绵肾,肾,,是,是,海绵肾,,,
果糖胺增高,"果糖胺增高,果糖胺糖血清蛋白增高",,,是,否,,,,
果糖胺降低,"果糖胺降低,果糖胺糖血清蛋白偏低",,,是,否,,,,
冠状窦性心律,"冠状窦性心律,心电图冠状窦性心律",心,,是,是,冠状窦性心律,,,
冠心病,冠心病,心,,是,是,冠心病,,,
关节线性骨折,关节线性骨折,骨,,是,是,关节线性骨折,,,
鼓膜穿孔,鼓膜穿孔,耳,,是,是,鼓膜穿孔,,,
骨质增生,"骨质增生,骶髂关节骨质增生,颈椎骨质增生,腰椎骨质增生,胸椎骨质增生,腰椎骨质增生可能,膝髌骨骨质增生,骨质增生部分骨赘形成部分骨桥形成",骨,,是,是,骨质,增生,,
骨质疏松,"骨质疏松,严重骨质疏松,腰椎骨质疏松,股骨颈骨质疏松",骨,,是,是,骨质,疏松|少,,
骨密度降低,"骨密度降低,腰椎骨密度降低,股骨颈骨密度降低,骨密度低于同龄人,骨密度降低,骨密度骨质减少,骨质减少,骨质轻度流失,骨量减低,骨量减少,骨质减少",骨,,是,是,骨密度,低,,
骨瘤,骨瘤,骨,,是,是,骨瘤,,,
谷氨酰转肽酶增高,"血清r谷氨酰转肽酶增高,谷氨酰转肽酶增高,血清r谷氨酰转移酶增高,谷丙转氨酶谷氨酰转肽酶都偏高",,,是,否,,,,
谷氨酰转肽酶降低,"谷氨酰转肽酶偏低,血清r谷氨酰转肽酶偏低",,,是,否,,,,
佝偻病,佝偻病,脊柱,,是,是,佝偻病,,,
巩膜炎,"巩膜炎,葡萄膜炎",眼,,是,是,膜炎,,,
巩膜黄染,巩膜黄染,巩膜,,是,是,巩膜,黄染,,
宫腔积液,"宫腔内少量积液,宫腔少量积液,宫腔微量积液,宫腔积液",子宫,,是,是,宫腔,积液,,
宫颈管积液,"宫颈管积液,宫颈管少量积液,宫颈积液",,,,,,,,
宫内异常回声,"子宫肌层回声欠均匀,宫内回声欠均匀,宫腔内无回声",子宫,,是,是,宫,异常回声|无回声|回声,欠均,
宫颈异常回声,宫颈异常回声,,,,,,,,
子宫肌层暗区,子宫肌层暗区,,,,,,,,
宫内妊娠,"单活胎,宫内中妊,宫内妊娠,宫内早孕,宫内晚妊,宫内晚妊单活胎,宫内中妊单活胎",子宫,,是,是,宫内,妊|孕,,
宫内节育器,"宫内节育器,宫内节育器下移,宫内节育器位置异常,宫内节育器偏移,宫内节育器嵌顿,可见环尾丝,环尾丝",子宫,,是,是,环尾丝|节育器,,,
宫颈组织薄白,宫颈部分组织薄白,宫颈,,是,是,宫颈,组织薄白,,
宫颈赘生物,"宫颈口见赘生物,宫颈赘生物,阴道壁赘生物,宫颈赘生物息肉可能",宫颈,,是,是,宫颈,赘生物,,
外阴赘生物,外阴赘生物,,,,,,,,
赘生物,赘生物,,,,,,,,
宫颈炎症,"tct中度炎症,tct低度鳞状上皮内病变,tct炎性改变,tct示炎性反应性改变,tct轻度炎症,tct重度炎症,中度宫颈炎,宫颈刮片细胞呈中度炎症反应性改变,宫颈刮片细胞呈轻度炎症反应性改变,宫颈炎,宫颈炎症,液基薄层细胞学检查tct阳性,液基薄层细胞学检查异常,急性宫颈炎,慢性宫颈炎,液基薄层细胞学检查tct炎性改变",宫颈,,是,是,宫颈|tct,炎,,
宫颈息肉,"宫颈息肉,宫颈管内息肉",宫颈,,是,是,宫颈,息肉,,
宫颈囊肿,"宫颈囊肿,宫颈囊肿多发,宫颈多发囊肿,宫颈多发纳氏囊肿,宫颈纳囊,宫颈纳氏囊肿,宫颈纳氏腺囊肿,宫颈肿物,宫颈腺囊肿,宫颈部多发囊性占位回声,宫颈口囊肿,子宫颈腺囊肿",宫颈,,是,是,宫颈,囊肿|纳囊,,
宫颈糜烂,"宫颈中度糜烂,宫颈中糜样,宫颈口周糜烂,宫颈口柱状,宫颈度糜,宫颈柱状,宫颈柱状上皮异位,宫颈糜,宫颈糜烂1度,宫颈糜烂2度,宫颈轻度糜烂,宫颈轻糜样,宫颈重度糜烂,宫颈重糜样,阴道镜宫颈糜烂,宫颈糜烂",宫颈,,是,是,宫颈,糜烂|糜样,,
宫颈旧裂,宫颈旧裂,宫颈,,是,是,宫颈,旧裂,,
宫颈接触性出血,宫颈接触性出血,宫颈,,是,是,宫颈,接触性出血,,
宫颈肌瘤,"宫颈肌瘤,宫颈肌瘤多发",宫颈,,是,是,宫颈,肌瘤,,
宫颈刮片巴式Ⅴ级,"宫颈刮片巴式5级,宫颈刮片巴式ⅴ级",宫颈,,是,是,宫颈,刮片|巴氏,Ⅴ,
宫颈刮片巴式Ⅳ级,"宫颈刮片4级,宫颈刮片巴式4级,宫颈刮片ⅳ级,宫颈刮片巴氏ⅳ级",宫颈,,是,是,宫颈,刮片|巴氏,Ⅳ,
宫颈刮片巴式Ⅲ级,"宫颈刮片巴3级,宫颈刮片巴氏3级",宫颈,,是,是,宫颈,刮片|巴氏,Ⅲ,
宫颈刮片巴式Ⅱ级,"宫颈刮片巴式2级,宫颈刮片巴氏2b级,宫颈涂片2a级轻度核异质细胞,宫颈刮片巴氏2级",宫颈,,是,是,宫颈,刮片|巴氏,Ⅱ,
宫颈肥大,"宫颈1度肥大,宫颈肥大,宫颈轻度肥大",宫颈,,是,是,宫颈,肥大,,
宫颈充血,"宫颈充血,宫颈内口充血,宫颈黏膜充血",宫颈,,是,是,宫颈,充血,,
肱骨外上髁炎,肱骨外上髁炎,骨,,是,是,肱骨外上髁炎,,,
弓形体抗体测定阳性,"弓形体抗体测定igg阳性,弓形体抗体测定igm阳性,弓形体抗体测定igg弱阳性",,,是,否,,,,
膈膨出,"膈局限性膨出,膈膨出",腹部,,是,是,膈,膨(出|突),,
膈肌膨升,膈肌膨升,腹部,,是,是,膈肌,膨升,,
睾丸占位性病变,睾丸占位性病变,睾丸,,是,是,睾丸,占位,,
睾丸炎,睾丸炎,睾丸,,是,是,睾丸炎,,,
睾丸微石征,睾丸微石征,睾丸,,是,是,睾丸微石征,,,
鞘膜积液,"鞘膜积液,睾丸鞘膜积液,精索鞘膜积液",睾丸,,是,是,鞘膜,积液,,
睾丸、附睾囊肿,"睾丸囊肿,附睾囊肿",睾丸,,是,是,睾,囊肿,,
睾酮增高,睾酮增高,,,是,否,,,,
睾酮降低,睾酮降低,,,是,否,,,,
高血脂,"血脂异常,高脂血症,高血脂",,,是,否,,,,
高血压,"血压值高,血压偏高,血压增高,血压正常高值,血压高,血压高值,高血压,血压偏低,高血压病视网膜病变,高血压心脏病,高血压可能",,,是,否,,,,
肛周湿疹,肛周湿疹,肛,,是,是,肛周,湿疹,,
肛周脓肿,"肛周脓肿,肛旁脓肿",肛,,是,是,肛,脓肿,,
肛乳头肥大,肛乳头肥大,肛,,是,是,肛乳头,肥大,,
肛瘘,肛瘘,肛,,是,是,肛瘘,,,
肛裂,肛裂,肛,,是,是,肛裂,,,
直肠肛管息肉,"肛管息肉,直肠肛管息肉",肛,,是,是,肛,息肉,,
肛窦炎,肛窦炎,肛,,是,是,肛窦炎,,,
肝掌,肝掌,肝,,是,是,肝掌,,,
肝脏肿大,肝脏肿大,肝,肝脏超声,是,是,肝,肿大,,
肝脏增大,"肝脏增大,",肝,肝脏超声,是,是,肝,增大,,
肝硬化,"肝硬化,早期肝硬化声像图",肝,肝脏超声,是,是,肝,硬化,,
肝异常回声,"肝内异常回声,肝内高回声,肝回声不均质,肝回声密集,肝回声致密,肝实质回声粗糙,肝脏低回声区,肝脏高回声区",肝,肝脏超声,是,是,肝,异常|高|低|致密|粗糙|强,回声,
肝血管瘤,"肝内多发性血管瘤,肝内实性占位血管瘤,肝内异常高回声血管瘤,肝内血管瘤,肝右叶血管瘤,肝多发实质性占位肝多发性血管瘤,肝血管瘤,肝血管瘤多发,肝内多发性血管瘤可能,肝内血管瘤可能,肝多发实质性占位肝多发性血管瘤可能,肝实质性占位肝血管瘤可能",肝,肝脏超声,是,是,肝,血管瘤,,
肝内占位病变,"肝内占位病变,肝实性占位病变",肝,肝脏超声,是,是,肝,占位,,
肝内钙化灶,"肝内钙化灶,肝内异常强回声钙化斑,肝内钙化点,肝右叶钙化灶",肝,肝脏超声,是,是,肝,钙化,,
肝内低密度影,肝内低密度影,肝,肝脏超声,是,是,肝,低密度影,,
肝囊肿,"肝囊肿多发,肝囊肿,肝内囊性占位肝囊肿,肝右叶囊肿,肝多发性囊肿,肝左叶囊肿",肝,肝脏超声,是,是,肝,囊肿,,
肝弥漫性病变,"肝弥漫性病变,肝脏弥漫性改变,肝弥漫性病变声像",肝,肝脏超声,是,是,肝,弥漫性,,
肝功能异常,"肝功异常,肝功能异常,肝功能损害,肝功能轻度异常,肝功能部分项目异常",肝,,是,是,肝功能,异常,,
肝包虫病,"肝包虫机化,肝包虫术后残留,肝包虫机化可能",肝,肝脏超声,是,是,肝,包虫,,
腹水,腹水,腹部,肝脏超声,是,是,腹水,,,
腹股沟疝,"腹股沟斜疝,腹股沟疝气,腹股沟直疝,腹股沟股疝",腹部,,是,是,股疝,,,
腹股沟淋巴结肿大,腹股沟淋巴结肿大,淋巴结,,是,是,腹股沟,淋巴结肿大,,
腹股沟淋巴结,腹股沟淋巴结,,,,,,,,
腹部压痛,"压痛,腹部有压痛",腹部,,是,是,腹部,压痛,,
腹部反跳痛,腹部有反跳痛,腹部,,是,是,腹部,反跳痛,,
腹部包块,"腹部包块,脐周腹部包块可移动,脐周腹部包块质地硬,脐周腹部包块固定",腹部,,是,是,腹部包块,,,
腹壁疝,"腹壁切口疝,腹壁疝",腹部,,是,是,腹壁,疝,,
腹壁紧张,腹壁紧张,腹部,,是,是,腹壁紧张,,,
副乳,"副乳,副乳可能",乳房,,是,是,副乳,,,
副脾,"副脾,副脾可能",脾,,是,是,副脾,,,
副耳,"副耳,副耳廓",耳,,是,是,副耳,,,
副鼻窦占位性病变,副鼻窦占位性病变,鼻,,是,是,副鼻窦占位性病变,,,
复合疝,复合疝,,,是,是,复合疝,,,
附件炎,附件炎,子宫,,是,是,附件炎,,,
附件压痛,附件压痛,子宫,,是,是,附件,压痛,,
附件区占位性病变,"附件区占位性病变,附件区囊实性占位,附件区混合性占位,附件实性占位,附件囊性病变,右侧附件区占位性病变,左侧附件区占位性病变",子宫,,是,是,附件,占位,,
附件囊肿,"附件区囊性结构,附件区囊肿,附件囊肿,右侧附件囊肿,左侧附件囊肿",子宫,,是,是,附件,囊肿,,
附件包块,"附件包块,附件区肿块,部位侧附件包块考虑卵巢畸胎瘤,右侧附件包块,左侧附件包块",卵巢,,是,是,附件,包块,,
卵巢畸胎瘤,部位侧附件包块考虑卵巢畸胎瘤,,,,,,,,
附睾结节,附睾结节,睾丸,,是,是,附睾,结节,,
氟斑牙,氟斑牙,牙,,是,是,氟斑牙,,,
风疹病毒抗体阳性,"风疹病毒抗体测定igg弱阳性,风疹病毒抗体测定igg阳性,风疹病毒抗体测定igm阳性,风诊病毒抗体测定igg阳性,风疹病毒抗体测定igm弱阳性",,,是,否,,,,
风湿性心脏病,风湿性心脏病,心,,是,是,风湿性心脏病,,,
肺转移瘤,"肺转移瘤,肺转移性肿瘤",肺,,是,是,肺,转移瘤,,
肺肿块影,肺肿块影,肺,,是,是,肺肿块影,,,
肺炎,"肺炎,大叶性肺炎,小叶性肺炎,肺炎症可能,肺慢性炎症",肺,,是,是,肺,炎|模糊阴?影,,
肺压缩,肺压缩,肺,,是,是,肺压缩,,,
肺纤维灶,"肺内纤维灶,肺纤维灶,肺纤维硬结灶",肺,,是,是,肺,纤维,,
肺纹理增多,"肺纹理增多,肺纹理增粗增多",肺,,是,是,肺纹理,粗乱|增(多|重),,
肺纹理粗乱,肺纹理粗乱,肺,,是,是,肺纹理,乱,,
肺通气障碍,"通气功能障碍,通气障碍,混合性通气功能障碍,轻微限制性通气障碍,,重度限制性通气障碍,中度限制性通气障碍,中度阻塞性通气障碍,严重限制性通气障碍,严重阻塞性通气障碍,轻微阻塞性通气障碍,重度阻塞性通气障碍",肺,,是,是,肺,通气,障碍,
肺气肿,肺气肿,肺,,是,是,肺,气肿,,
肺脓肿,肺脓肿,肺,,是,是,肺,脓肿,,
肺内硬结灶,"肺内硬结灶,肺部陈旧性硬结及条索影",肺,,是,是,肺,硬结|钙化,,
肺内钙化灶,"肺内钙化灶,肺钙化灶,肺内有钙化",肺,,是,是,肺,钙化,,
肺门影增大,"肺门影增大,肺门影增浓,肺门影增浓增大",肺,,是,是,肺门影,增(大|浓),,
肺结节影,"肺内结节影,肺结节影,肺结节影性质,肺内结节性质待定,肺野内密度增高影性质待查",肺,,是,是,肺,结节影?,,
肺片状模糊影,肺片状模糊影,,,,,,,,
肺结节,肺内结节,肺,,是,是,肺,结节,,
肺结核,"浸润型肺结核,陈旧性肺结核",肺,,是,是,肺,结核|斑片影,,
肺间质性改变,肺间质性改变,肺,,是,是,肺间质性改变,,,
肺功能,"肺功能严重的限制,肺功能严重的障碍,肺功能中度的限制,肺功能中度的障碍,肺功能异常,肺功能轻微的限制,肺功能轻微的障碍,肺功能非常严重的障碍,肺功能非常严重的限制",肺,,是,是,肺功能,限制,,
肺活量不及格,肺活量不及格,,,,,,,,
肺动脉增宽,肺动脉内径增宽,肺,,是,是,肺动脉,增宽,,
肺动脉高压,肺动脉高压,肺,,是,是,肺动脉,高压,,
肺动脉瓣区第二心音分裂,肺动脉瓣区第二心音分裂,肺,,是,是,肺动脉瓣,第二心音分裂,,
肺动脉瓣反流,"肺动脉瓣反流,肺动脉瓣反流中度,肺动脉瓣反流轻度,肺动脉瓣反流重度",肺,,是,是,肺动脉瓣,反流,,
肺大泡,肺大泡,肺,,是,是,肺大泡|肺气囊,,,
肺陈旧性病灶,"肺陈旧性病变,肺陈旧性病灶",肺,,是,是,肺,肺陈旧性病灶,,
肺部罗音,"肺部啰音,肺部罗音",肺,,是,是,胸部,哮鸣音|(干|湿)啰音,,
飞蚊症,"眼飞蚊症,飞蚊症",眼,,是,是,飞蚊症,,,
房室分离,"房室分离,心电图完全性房室分离,心电图不完全性房室分离",心,,是,是,房室分离,,,
房室传导阻滞,"1度房室传导阻滞,一度房室传导阻滞,室内传导阻滞,心电图1度房室传导阻滞ptor延长,心电图2度1型房室传导阻滞,心电图2度1型窦房传导阻滞,心电图2度2型房室传导阻滞,心电图2度2型窦房传导阻滞,心电图3度房室传导阻滞,心电图ii度1型窦房传导阻滞,心电图ii度2型窦房传导阻滞,心电图高度房室传导阻滞,房室传导阻滞,窦性心律1度房室传导阻滞,心电图左前分支传导阻滞,心电图ii度1型房室传导阻滞,i度房室传导阻滞,心电图不完全性左束支传导阻滞,完全性右束支传导阻滞,ii度i型文氏型房室传导阻滞,心电i度房室传导阻滞pr延长,心电图完全性左束支传导阻滞,心电图iii度房室传导阻滞,心电图ii度ii型房室传导阻滞,不完全性右束支传导阻滞,心电图不完全性右束支传导阻滞,完全性左束支传导阻滞,心电图i度房室传导阻滞pr延长",心,,是,是,传导阻滞,,,
房间隔缺损,房间隔缺损,心,,是,是,房间隔,缺损,,
房间隔膨出瘤,房间隔膨出瘤,心,,是,是,房间隔,膨出瘤,,
耳前瘘管,耳前瘘管,耳,,是,是,耳,瘘管,,
耳屏皮赘,"耳屏有皮赘,,耳屏皮赘",耳,,是,是,耳屏,皮赘,,
耳鸣,"耳鸣,特发性耳鸣",耳,,是,是,耳鸣,,,
耳廓软骨膜炎,耳廓软骨膜炎,耳,,是,是,耳廓,软骨膜炎,,
耳后淋巴结肿大,耳后淋巴结肿大,淋巴结,,是,是,耳,淋巴结肿大,,
耳道湿疹,"耳廓皮肤湿疹,耳道湿疹",耳,,是,是,耳,湿疹,,
唇腭裂,"唇裂,腭裂",唇,,是,是,腭裂,,,
额骨骨病,额骨骨病,骨,,是,是,额骨骨病,,,
多囊肾,"多囊肾,肾多囊,肾多囊肾",肾,,是,是,肾,多囊,,
多囊脾,多囊脾,脾,,是,是,脾,多囊,,
多囊卵巢,"卵巢多囊样改变,多囊卵巢,多囊卵巢综合征",卵巢,,是,是,卵巢,多囊,,
多囊肝,多囊肝,肝,,是,是,肝,多囊,,
短P-R间期综合征,"pr间期缩短,短pr间期综合征,短pr间期",心,,是,是,短P-R ,间期,,
窦性心律不齐,"心律不齐,心律失常,窦性心律不齐",心,,是,是,心律不齐,,,
窦性心动过速,"心动过速,窦性心动过速",心,,是,是,心动过速,,,
窦性心动过缓,"心动过缓,窦性心动过缓伴不齐,窦性心动过缓并不齐,窦性心动过缓",心,,是,是,心动过缓,,,
窦房结内游走心律,"窦房结内游走心律,窦房结至心房下部游走性心律,心电图窦房结内游走心律,心电图窦房结至心房下部游走性心律",心,,是,是,心房,游走,节律,
动脉硬化指数增高,"动脉硬化指数偏高,动脉粥样硬化指数偏高",,,是,否,,,,
动脉硬化,"主动脉弓硬化,主动脉硬化,动脉僵硬度中度增高,动脉僵硬度轻度增高,动脉有硬化趋向,动脉硬化,动脉硬化指数偏高,动脉硬化检测血管弹性减弱,动脉粥样硬化,动脉粥样硬化指数偏高,动脉血管粥样硬化,斑块形成,脑动脉硬化,轻度动脉硬化,颈总动脉硬化,颈总动脉粥样硬化斑块形成,颈部动脉粥样硬化,冠脉mra提示动脉硬化改变,眼动脉硬化,视网膜动脉硬化,tcd检查脑动脉硬化,颈动脉硬化斑块",血管,颈动脉超声,是,是,动脉,硬化,,
动脉栓子,动脉栓子,动脉,心脏超声,是,是,动脉栓子,,,
动脉反光增强,动脉反光增强,动脉,心脏超声,是,是,动脉反光增强,,,
动脉导管未闭,动脉导管未闭,心,心脏超声,是,是,动脉导管未闭,,,
动静脉交叉压迹,动静脉交叉压迹,血管,,是,是,动静脉交叉压迹,,,阳性有意义
耵聍栓塞,"耵聍栓塞,耳道耵聍栓塞",耳,,是,是,耵聍栓塞,,,
骶椎腰化,骶椎腰化,腰椎,,是,是,骶椎腰化,,,
滴虫,"滴虫阳性,滴虫弱阳性",生殖器,,是,是,滴虫,,,
胆囊占位性病变,"胆囊占位性病变,胆囊实性占位,胆囊占位性病变胆囊实性占位",胆,肝脏超声,是,是,胆囊,占位,,
胆囊增大,胆囊增大,胆,肝脏超声,是,是,胆囊,增大,,
胆囊炎,"胆囊炎,慢性胆囊炎,慢性胆囊炎可能,胆囊炎性回声改变",胆,肝脏超声,是,是,胆囊炎,,,
胆囊腺肌症,胆囊腺肌症,胆,肝脏超声,是,是,胆囊腺肌症,,,
胆囊息肉,"胆囊多发性息肉,胆囊息肉样改变,胆囊息肉多发,胆囊息肉,胆囊息肉样变",胆,肝脏超声,是,是,胆囊,息肉,,
胆囊无回声,胆囊无回声,胆,肝脏超声,是,是,胆囊无回声,,,
胆囊萎缩,胆囊萎缩,胆,肝脏超声,是,是,胆囊,萎缩,,
胆囊结石,"胆囊充满性结石,胆囊多发结石,胆囊泥沙样结石,胆囊结石,胆泥形成,胆石症,胆结石,胆囊结石泥沙型,胆囊结石充满型,胆囊结石多发",胆,肝脏超声,是,是,胆囊,结石,,
胆囊结晶,"胆囊壁结晶,胆囊壁胆固醇结晶,胆囊壁间结晶,胆囊胆固醇沉着,胆囊胆固醇结晶,胆囊附壁结晶",胆,肝脏超声,是,是,胆囊,结晶,,
胆囊病变,"胆囊壁隆起性病变,胆囊隆起型病变,胆囊隆起样病变",胆,肝脏超声,是,是,胆囊,病变,,
胆囊壁增厚,"胆囊壁明显增厚,胆囊壁增厚,胆囊壁毛糙增厚",胆,肝脏超声,是,是,胆囊壁,后,,
胆囊壁毛糙,"胆囊壁毛糙,胆囊壁粗糙,胆囊壁毛糙增厚,胆囊壁欠光滑,胆囊壁毛糙增厚",胆,肝脏超声,是,是,胆囊壁,糙,,
胆碱脂酶增高,胆碱脂酶增高,,,是,否,,,,
胆碱脂酶降低,"胆碱脂酶降低,血清胆碱脂酶降低",,,是,否,,,,
胆管占位,胆总管实性占位,胆,肝脏超声,是,是,胆管,占位,,
胆管扩张,"胆管扩张,肝内胆管扩张",胆,肝脏超声,是,是,胆管,扩张,,
胆管结石,"胆总管结石,胆管多发性结石,胆管结石,肝内胆管结石多发,肝内胆管多发性结石,肝内胆管结石",胆,肝脏超声,是,是,胆管,结石,,
单活胎,"宫内晚妊单活胎,宫内中妊单活胎,单活胎",子宫,,是,是,单活胎,,,
单核细胞值增高,"单核细胞值五分类mon增高,单核细胞值增高",,,是,否,,,,
单纯疱疹I型IGM阳性,"单纯疱疹i型igm弱阳性,单纯疱疹i型igm阳性",,,是,否,,,,
单纯疱疹I型IGG阳性,"单纯疱疹i型igg弱阳性,单纯疱疹i型igg阳性",,,是,否,,,,
单纯疱疹Ⅱ型IGM阳性,单纯疱疹2型igm阳性,,,是,否,,,,
单纯疱疹Ⅱ型IGG阳性,单纯疱疹2型igg阳性,,,是,否,,,,
大便潜血,"大便潜血,大便潜血阳性,大便潜血弱阳性",,,是,否,,,,
促卵泡生成素(FSH)增高,促卵泡生成素fsh增高,,,是,否,,,,
促卵泡生成素(FSH)降低,促卵泡生成素fsh降低,,,是,否,,,,
促黄体生成素增高,促黄体生成素lh增高,,,是,否,,,,
促黄体生成素降低,促黄体生成素lh降低,,,是,否,,,,
雌二醇增高,雌二醇增高,,,是,否,,,,
雌二醇降低,雌二醇降低,,,是,否,,,,
唇炎,"唇炎,慢性唇炎",唇,,是,是,唇炎,,,
唇裂,唇裂,口,,是,是,唇裂,,,
垂体膨隆,垂体上缘膨隆,脑,,是,是,垂体,膨隆,,
垂体囊肿,"鞍内异常信号影,考虑垂体rathke囊肿",脑,,是,是,垂体,囊肿,,
垂体泌乳素增高,垂体泌乳素增高,,,是,否,,,,
垂体泌乳素降低,垂体泌乳素降低,,,是,否,,,,
超重,"体重超重,超重,超重脂肪型肥胖,超重脂肪过多型",,,是,是,超重,,,
肠梗阻,不完全性肠梗阻,肠,,是,是,不完全性肠梗阻,,,
差异性传导,"偶发房早伴室内差异性传导,房颤心律伴室内差异性传导,",心,,是,是,差异性传导,,,
藏毛疾病,藏毛疾病,皮肤,,是,是,藏毛疾病,,,
餐后血糖增高,"血糖餐后1小时偏高,血糖餐后2小时增高",,,是,否,,,,
哺乳期乳腺,哺乳期乳腺,乳腺,,是,是,哺乳期乳腺,,,
玻璃体异常,玻璃体异常,眼,眼底检查,是,是,玻璃体,异常,,
玻璃体积血,"玻璃体积血,眼玻璃体积血",眼,眼底检查,是,是,玻璃体,积血,,
玻璃体机化索条,玻璃体机化索条,眼,眼底检查,是,是,玻璃体,机化索条,,
玻璃体混浊,"玻璃体重度混浊,眼玻璃体轻度混浊,玻璃体混浊,眼玻璃体重度混浊",眼,眼底检查,是,是,玻璃体,浑浊,,
玻璃体病变,玻璃体病变,眼,眼底检查,是,是,玻璃体,病变,,
玻璃体变性,星状玻璃体变性,眼,眼底检查,是,是,玻璃体,变性,,
玻璃膜疣,"玻璃膜疣,视网膜玻璃膜疣",眼,眼底检查,是,是,玻璃膜疣,,,
病窦综合征,病窦综合征,心,心电图,是,是,病窦综合征,,,
丙肝,"丙肝,丙肝抗体阳性,丙肝抗体弱阳性",,,是,否,,,,
丙氨酸氨基转移酶增高,"丙氨酸氨基转移酶增高,血清丙氨酸氨基转移酶增高,谷丙转氨酶",,,是,否,,,,
髌骨软化症,髌骨软化症,膝,,是,是,髌骨软化症,,,
变色牙,变色牙,牙,,是,是,变色牙,,,
扁桃体肿大,"扁桃体肿大,扁桃体肿大充血,扁桃体周围脓肿",扁桃体,,是,是,扁桃体,肿,,
扁桃体炎,"扁桃体炎,慢性扁桃体炎",扁桃体,,是,是,扁桃体炎,,,
扁桃体肥大,扁桃体1度肥大扁桃体2度肥大扁桃体肥大,扁桃体,,是,是,扁桃体,肥大,,
扁平苔藓,"扁平苔藓,口腔扁平苔藓",舌,,是,是,扁平苔藓,,,
鼻中隔偏曲,"鼻中隔偏,鼻中隔偏曲",鼻,,是,是,鼻中隔,偏曲,,
鼻炎,"鼻炎,鼻炎可能,急性鼻炎,变应性鼻炎,慢性鼻炎,萎缩性鼻炎",鼻,,是,是,鼻炎,,,
鼻息肉,鼻息肉,鼻,,是,是,鼻息肉,,,
鼻前庭炎,"鼻前庭炎,",鼻,,是,是,鼻前庭炎,,,
鼻前庭疖肿,鼻前庭疖肿,鼻,,是,是,鼻前庭,疖肿,,
鼻黏膜出血,"鼻中隔黏膜出血,鼻黏膜出血",鼻,,是,是,鼻,黏膜出血,,
鼻甲肿大,鼻甲肿大,鼻,,是,是,鼻甲,肿大,,
鼻甲肥大,"鼻甲肥厚,鼻甲肥大",鼻,,是,是,鼻甲,肥,,
鼻窦炎,"鼻窦炎,鼻窦炎可能,慢性鼻鼻窦炎",鼻,,是,是,鼻窦炎,,,
奔马律,奔马律,心,心电图,是,是,奔,马律,,
豹纹状眼底,"豹纹状眼底,眼豹纹状眼底",眼,,是,是,豹纹状眼底,,,
包皮炎,阴茎头包皮炎,阴茎,,是,是,包皮炎,,,
包皮过长,包皮过长,阴茎,,是,是,包皮,过长,,
包茎,包茎,阴茎,,是,是,包茎,,,
白细胞计数增高,"白细胞总数五分类wbc增高,白细胞计数增高",,,是,否,,,,
白细胞计数降低,"白细胞总数五分类wbc降低,白细胞计数降低",,,是,否,,,,
白内障,"白内障,轻度白内障,眼中度白内障,外伤性白内障,眼轻度白内障,眼重度白内障,老年性白内障",眼,眼底检查,是,是,白内障,,,
白癜风,白癜风,皮肤,,是,是,白癜风,,,
白带清洁度偏高,"分泌物呈泡沫样,分泌物呈脓性,分泌物呈血性,分泌物呈豆渣样,清洁度3度,清洁度4度,清洁度异常,白带清洁度偏高",,,是,否,,,,
白带红细胞阳性,白带红细胞阳性,,,是,否,,,,
白带白细胞阳性,"白带白细胞增高,白带白细胞阳性",,,是,否,,,,
艾滋病联合检测阳性,艾滋病联合检测阳性,,,是,否,,,,
癌胚抗原增高,"cea增高,癌胚抗原cea轻度增高,癌胚抗原增高,癌胚抗原定性弱阳性,癌胚抗原定性阳性,癌胚抗原cea增高,癌胚抗原cea定性弱阳性,癌胚抗原cea定性阳性",,,是,否,,,,
β2-微球蛋白增高,"betha2微球蛋白增高,β2微球蛋白增高,β2mg偏高",,,是,否,,,,
v1ptf值阳性,v1ptf值阳性,,,是,否,ptf,,,
TPPA阳性,"tppa弱阳性,tppa阳性",,,是,否,,,,
TCD检查提示脑血管痉挛,tcd检查提示脑血管痉挛,脑,颈动脉超声,是,是,脑,血管痉挛,,
TCD检查:椎基底动脉血流速度增快,"椎基底动脉血流速度增快,tcd检查椎基底动脉血流速度增快",脑,颈动脉超声,是,是,基底动脉,血流速度,快,
TCD检查:椎基底动脉血流速度减慢,"基底动脉血流速度慢,tcd检查椎基底动脉血流速度减慢",脑,颈动脉超声,是,是,基底动脉,血流速度,慢,
TCD检查:S1峰圆钝,tcd检查s1峰圆钝,脑,颈动脉超声,是,是,S1峰圆钝,,,
r-谷氨酰基转移酶偏高,"谷氨酰基转移酶偏高,谷氨酰转移酶增高,血清r谷氨酰转肽酶增高,谷氨酰转肽酶都偏高,血清r谷氨酰转移酶增高",,,是,否,,,,
R波逆向递增,心电图r波逆向递增,心,心电图,是,是,R波,逆向递增,,
R波递增不良,"r波上升不良,r波增生不良,r波逆向递增,r波递增不良,左胸导联r波递增不良,v3r波递增不良",心,心电图,是,是,R波,递增不良,,
RPR阳性,rpr阳性,,,是,否,,,,
Osborn波,osborn波,心,心电图,是,是,sborn,,,
NSE增高,"nse增高,神经元特异烯醇化酶测定nse增高",,,是,否,,,,
nmid骨钙素n端肽增高,nmid骨钙素n端肽增高,,,是,否,,,,
nmid骨钙素n端肽降低,nmid骨钙素n端肽降低,,,是,否,,,,
hp阳性,hp阳性,胃,,是,否,hp阳性,,,
HPV-DNA分型检测阳性,"hpvdna,hpvdna56型阳性,hpvdna18型弱阳性,hpvdna51型阳性,hpvdna66型阳性,hpvdna35型阳性,hpvdna54型弱阳性,hpvdna52型弱阳性,hpvdna33型阳性,hpvdna53型阳性,hpvdna67型阳性,hpvdna51型弱阳性,hpvdna81型阳性,hpvdna54型阳性,hpvdna42型阳性,hpvdna31型阳性,hpvdna44型阳性,hpvdna6型弱阳性,hpvdna68型阳,hpvdna73型阳性,hpvdna6型阳性,hpvdna16型弱阳性,hpvdna39型阳性,hpvdna82型阳性,hpvdna55型阳性,hpvdna58型弱阳性,hpvdna11型阳性,hpvdna18型阳性,hpvdna52型阳性,hpvdna40型阳性,hpvdna43型弱阳性,hpvdna59型阳性,hpvdna45型阳性,hpvdna33型弱阳性,hpvdna16型阳性,hpvdna42型弱阳性,hpvdna26型阳性,hpvdna31型弱阳性,hpvdna44型弱阳性,hpvdna43型阳性,hpvdna40型弱阳性,hpvdna58型阳性,hpv16高危型阳性,hpv6低危型阳性",,,是,否,,,,
HLA-B27阳性,"hlab27阳性,hlab27弱阳性",,,是,否,,,,
D-二聚体增高,d2聚体增高,,,是,否,,,,
C肽增高,c肽增高,,,是,否,,,,
C肽降低,c肽降低,,,是,否,,,,
C反应蛋白增高,"c反应蛋白偏高,c反应蛋白增高,超敏c反应蛋白增高",,,是,否,,,,
CYFRA21-1偏高,"cyfr211c12偏高,cyfra211偏高,角质蛋白19增高,细胞角蛋白19片段测定cyfra211偏高",,,是,否,,,,
CD3增高,cd3增高,,,是,否,,,,
CD3降低,cd3降低,,,是,否,,,,
CA724增高,"ca724增高,糖链抗原ca724增高,ca724偏高",,,是,否,,,,
CA50增高,"ca50增高,糖类抗原ca50增高,糖链抗原ca50增高",,,是,否,,,,
CA242增高,"ca242增高,糖类抗原242增高,糖蛋白抗原242增高,糖链抗原ca242增高",,,是,否,,,,
CA199增高,"ca199增高,糖类抗原199增高,糖链抗原ca199增高",,,是,否,,,,
CA153增高,"ca153增高,糖类抗原153增高,糖链抗原ca153增高",,,是,否,,,,
CA125增高,"ca125增高,糖类抗原125增高,糖链抗原ca125增高",,,是,否,,,,
C4降低,c4降低,,,是,否,,,,
C3降低,c3降低,,,是,否,,,,
Brugada波,brugada波,心,心电图,是,是,rugada,,,
babinski征阳性,"巴彬斯基征,babinski征阳性",,,是,否,abinski,,,
Amsler方格表检测结果异常,amsler方格表检测结果异常,眼,,是,是,Amsler方格表,异常,,
3S综合征,3s综合征,心,心电图,是,是,3S,综合征,,
